Video,attentiveness,sympathy,empathy,warmth,excitement,enthusiasm,positivity,friendliness,connection,coordination,focus,engagement,respect,liking each other,closeness,equal participation,deep conversation,getting along,smooth flow,ccr_scale_connection_factor,ccr_scale_coordination_factor,ccr_scale,The person felt they had a connection with the robot.,The person thinks that they and the robot understood each other.,The robot was warm and caring.,The robot was respectful to the person.,The person felt they had no connection with the robot. (reverse coded),The robot created a sense of closeness or camaraderie between them.,The robot created a sense of distance between them. (reverse coded),The robot communicated coldness rather than warmth. (reverse coded),The person wanted to maintain a sense of distance between them. (reverse coded),The person tried to create a sense of closeness or camaraderie between them.,The person tried to communicate coldness rather than warmth. (reverse coded),gratch_scale,Ranking,Subject
HoldHands,3,4,4,4,2,2,4,4,4,4,2,4,4,4,4,4,1,4,4,3.666666667,3.5,3.583333333,4,4,4,4,4,4,4,4,4,4,4,4,2,1
HoldHands,3,3,3,3,3,3,3,3,3,3,3,3,3,3,2,3,3,3,2,2.916666667,2.833333333,2.875,3,3,3,3,3,3,3,3,3,3,3,3,1,2
HoldHands,3,2,3,3,3,2,3,3,4,4,3,4,4,3,4,3,3,4,2,3.166666667,3.166666667,3.166666667,4,4,1,3,4,1,5,5,4,4,5,3.636363636,2,3
HoldHands,3,2,2,1,2,1,2,1,4,2,4,4,4,1,1,2,1,2,2,1.916666667,2.833333333,2.375,2,4,1,4,3,1,5,4,5,4,5,3.454545455,1,4
HoldHands,4,3,3,4,2,4,4,4,4,5,4,5,3,4,4,5,3,4,4,3.583333333,4.5,4.041666667,4,4,3,4,4,4,4,4,4,4,4,3.909090909,3,5
HoldHands,4,3,3,2,3,3,3,4,4,4,4,5,4,4,2,5,1,4,3,3.25,4.166666667,3.708333333,4,3,3,4,5,3,4,5,5,3,5,4,3,6
HoldHands,4,3,3,3,3,2,3,3,3,4,4,3,3,3,3,3,3,3,3,2.916666667,3.5,3.208333333,4,3,3,4,4,3,3,2,3,3,3,3.181818182,2,7
HoldHands,2,2,3,1,1,2,3,4,2,2,5,4,3,2,2,2,1,4,1,2.416666667,2.666666667,2.541666667,2,2,3,3,2,1,2,3,3,2,4,2.454545455,2,8
HoldHands,4,3,3,4,3,4,5,5,5,5,5,5,3,4,4,4,3,4,4,3.916666667,4.5,4.208333333,4,3,5,5,4,4,5,5,5,4,3,4.272727273,3,9
HoldHands,4,2,2,3,2,4,3,4,2,4,2,2,4,3,2,2,1,3,2,2.833333333,2.666666667,2.75,2,2,3,4,4,3,4,2,3,3,3,3,2,10
HoldHands,3,3,3,4,4,4,4,3,4,3,3,3,3,3,4,4,1,3,3,3.5,3.166666667,3.333333333,3,4,1,3,3,1,4,2,4,4,5,3.090909091,1,11
HoldHands,4,4,3,4,5,5,4,5,5,5,4,5,4,2,4,5,3,5,3,4.166666667,4.333333333,4.25,5,5,5,5,1,4,3,4,3,4,4,3.909090909,2,12
HoldHands,4,3,2,4,4,4,4,4,4,4,4,4,3,4,3,4,2,4,2,3.583333333,3.666666667,3.625,3,4,4,4,4,4,4,4,4,3,4,3.818181818,3,13
HoldHands,2,2,2,1,1,2,3,3,2,2,3,2,3,3,2,2,1,2,1,2.166666667,2,2.083333333,2,2,1,4,4,1,2,2,4,2,3,2.454545455,2,14
HoldHands,4,4,4,4,3,4,3,4,4,4,4,4,4,4,4,5,4,3,3,3.75,4,3.875,4,3,4,3,3,4,3,4,2,4,3,3.363636364,2,15
HoldHands,3,3,3,3,3,4,3,3,3,3,4,4,3,3,4,4,4,4,3,3.25,3.5,3.375,3,3,3,3,3,3,3,3,3,4,3,3.090909091,4,16
HoldHands,1,1,1,2,1,1,1,1,1,1,1,1,1,2,1,1,1,1,1,1.166666667,1,1.083333333,1,1,1,2,5,1,5,4,4,1,5,2.727272727,1,17
HoldHands,3,3,3,3,2,3,4,4,4,5,5,4,3,3,3,5,1,4,4,3.25,4.333333333,3.791666667,3,1,3,3,3,3,5,5,5,3,5,3.545454545,2,18
HoldHands,3,5,4,3,3,3,5,4,3,4,3,3,4,3,3,3,2,4,3,3.666666667,3.166666667,3.416666667,3,3,2,4,3,4,5,3,5,4,5,3.727272727,1,19
HoldHands,4,3,4,3,2,4,3,4,4,4,4,4,4,3,3,4,4,3,4,3.333333333,4,3.666666667,4,3,3,4,4,3,4,5,3,3,4,3.636363636,2,20
HoldHands,4,4,2,4,4,4,4,4,4,5,4,4,4,4,4,4,2,5,4,3.916666667,4.166666667,4.041666667,4,4,4,4,4,4,4,4,4,4,4,4,2,21
HoldHands,4,2,2,2,3,2,3,3,4,4,4,4,4,3,3,4,2,3,2,2.833333333,3.666666667,3.25,4,4,3,4,4,2,4,3,4,4,4,3.636363636,2,22
HoldHands,4,2,2,4,4,4,4,4,4,3,4,4,4,3,4,2,1,4,2,3.583333333,3.166666667,3.375,4,4,4,4,4,4,4,4,4,4,4,4,2,23
HoldHands,4,1,1,2,3,3,3,3,3,3,4,4,2,3,2,2,1,3,2,2.416666667,3.166666667,2.791666667,2,2,2,5,1,2,4,4,2,1,1,2.363636364,1,24
HoldHands,4,2,2,4,3,4,4,4,4,4,3,4,2,3,4,4,1,4,2,3.333333333,3.5,3.416666667,4,4,4,4,4,4,4,4,4,4,4,4,2,25
HoldHands,4,2,2,3,2,3,2,3,3,4,3,4,3,2,2,4,2,4,4,2.583333333,3.833333333,3.208333333,2,2,2,4,4,4,4,4,4,4,4,3.454545455,3,26
HoldHands,4,2,2,4,3,4,4,4,3,3,3,4,3,3,3,4,2,4,3,3.25,3.5,3.375,3,4,3,4,3,3,4,3,3,4,3,3.363636364,2,27
HoldHands,4,3,3,3,3,3,3,3,3,4,4,4,3,3,3,3,3,4,2,3.083333333,3.5,3.291666667,3,3,3,3,2,3,3,3,3,3,3,2.909090909,1,28
HoldHands,2,2,2,2,2,3,2,2,2,2,2,2,2,2,2,2,1,2,2,2.083333333,2,2.041666667,2,3,3,3,2,3,2,3,2,2,2,2.454545455,2,29
HoldHands,4,1,1,3,1,4,4,4,4,4,4,5,3,3,5,4,4,4,2,3.083333333,3.833333333,3.458333333,4,4,4,4,5,4,5,5,5,4,5,4.454545455,2,30
HoldHands,1,2,1,2,3,1,3,1,4,1,2,4,1,2,4,3,3,2,1,2.166666667,2,2.083333333,4,3,1,1,4,3,2,2,5,5,3,3,1,31
HoldHands,2,3,2,2,1,2,3,4,2,2,2,2,3,3,2,2,1,3,1,2.5,1.833333333,2.166666667,2,4,2,3,4,2,2,2,2,3,3,2.636363636,2,32
HoldHands,1,1,1,1,1,1,1,4,1,4,3,1,3,1,1,1,1,2,1,1.5,1.833333333,1.666666667,2,2,1,3,3,2,2,1,3,2,2,2.090909091,1,33
HoldHands,4,1,1,1,2,1,4,2,3,2,5,4,5,3,1,4,1,3,1,2.25,3.333333333,2.791666667,4,4,1,5,4,4,3,5,3,2,5,3.636363636,3,34
HoldHands,3,3,3,1,3,2,4,3,2,3,3,4,4,2,2,3,1,4,2,2.75,3,2.875,1,1,2,4,1,3,4,3,4,3,5,2.818181818,2,35
HoldHands,5,2,3,3,2,3,3,3,4,5,4,5,3,3,4,5,1,3,4,3,4.666666667,3.833333333,4,4,4,4,4,5,4,5,4,4,4,4.181818182,2,36
HoldHands,4,2,2,2,2,2,3,2,4,4,4,4,3,3,2,4,2,3,3,2.5,3.833333333,3.166666667,4,4,2,3,4,3,4,4,4,4,4,3.636363636,2,37
HoldHands,4,4,3,4,4,4,4,4,4,4,4,4,4,4,4,4,2,4,4,3.916666667,4,3.958333333,4,4,4,4,4,4,4,4,3,4,4,3.909090909,2,38
HoldHands,4,1,1,1,1,1,2,2,2,2,4,4,3,2,2,2,1,3,2,1.75,3,2.375,2,4,1,4,2,1,3,2,4,4,4,2.818181818,2,39
HoldHands,4,2,4,4,2,2,4,4,4,3,2,4,4,4,4,4,2,4,2,3.5,3.166666667,3.333333333,4,4,4,4,2,3,4,4,4,4,4,3.727272727,2,40
HoldHands,4,1,2,2,2,1,3,1,4,4,4,4,3,2,1,4,1,4,1,2.166666667,3.5,2.833333333,4,3,1,4,3,2,3,2,4,2,2,2.727272727,1,41
HoldHands,3,2,2,2,2,3,3,2,3,4,4,3,2,3,2,3,1,2,3,2.333333333,3.333333333,2.833333333,2,2,4,3,2,3,4,4,2,2,3,2.818181818,1,42
HoldHands,3,2,2,3,3,3,3,3,3,4,3,4,4,3,2,4,1,4,4,2.916666667,3.666666667,3.291666667,2,4,4,4,3,4,4,4,4,3,4,3.636363636,2,43
HoldHands,2,1,2,2,2,3,3,4,2,2,2,3,3,3,2,2,1,4,2,2.583333333,2.166666667,2.375,2,2,3,3,2,2,2,2,5,4,5,2.909090909,2,44
HoldHands,3,3,3,4,4,4,4,4,4,4,4,4,4,4,4,5,1,4,2,3.833333333,3.666666667,3.75,4,4,3,4,4,4,4,3,4,4,4,3.818181818,1,45
HoldHands,4,3,3,3,3,3,3,3,2,4,4,4,3,3,3,4,2,4,2,3,3.666666667,3.333333333,2,4,4,4,2,3,4,4,2,2,2,3,2,46
HoldHands,3,2,3,2,4,2,3,3,2,3,2,4,3,3,2,2,2,3,3,2.666666667,2.833333333,2.75,3,2,2,3,3,3,2,3,3,3,3,2.727272727,2,47
HoldHands,4,3,3,4,3,3,3,4,3,5,4,5,4,3,3,3,2,3,1,3.25,3.666666667,3.458333333,2,3,3,4,2,1,3,3,5,3,3,2.909090909,1,48
HoldHands,3,2,3,3,2,2,4,4,3,3,3,2,3,3,2,2,2,3,2,2.833333333,2.5,2.666666667,4,4,3,4,2,2,4,3,4,4,4,3.454545455,2,49
HoldHands,2,1,1,1,2,2,2,1,1,2,4,2,1,1,2,3,1,3,1,1.5,2.333333333,1.916666667,2,4,1,3,3,1,3,1,5,4,4,2.818181818,3,50
HoldHands,4,2,4,3,2,3,4,4,3,3,4,4,4,4,3,3,2,4,2,3.333333333,3.333333333,3.333333333,4,4,2,4,4,2,2,1,2,4,4,3,2,51
HoldHands,2,4,2,3,3,3,3,4,2,2,3,4,3,3,3,4,2,2,1,2.916666667,2.666666667,2.791666667,4,4,2,4,4,2,2,4,2,4,4,3.272727273,1,52
HoldHands,2,1,1,2,2,2,3,3,2,2,2,2,3,2,2,2,1,4,1,2.25,1.833333333,2.041666667,4,3,3,4,3,2,3,4,4,4,5,3.545454545,1,53
HoldHands,3,3,3,3,3,3,3,3,3,3,3,3,3,3,3,3,1,3,3,3,3,3,2,2,4,4,3,4,3,4,2,2,4,3.090909091,1,54
HoldHands,4,2,2,3,3,4,4,2,3,4,4,4,3,3,3,4,2,3,4,2.916666667,4,3.458333333,3,4,3,4,3,3,5,4,4,2,4,3.545454545,3,55
HoldHands,5,2,2,4,4,4,4,4,2,4,4,4,5,3,2,4,2,4,4,3.333333333,4.166666667,3.75,3,4,4,4,3,2,3,4,3,3,3,3.272727273,3,56
HoldHands,4,4,4,4,4,4,4,4,4,4,4,4,4,4,4,4,2,4,4,4,4,4,4,4,2,4,4,2,2,2,2,2,4,2.909090909,3,57
HoldHands,3,1,1,2,3,3,3,2,2,2,2,2,3,3,2,3,1,3,3,2.333333333,2.5,2.416666667,2,2,3,3,2,3,3,3,2,2,3,2.545454545,3,58
HoldHands,4,3,4,4,4,4,4,5,5,4,4,4,4,5,4,5,3,5,4,4.25,4.166666667,4.208333333,3,3,4,4,3,4,3,2,3,4,2,3.181818182,3,59
HoldHands,4,2,3,2,2,2,4,2,4,4,4,4,4,3,2,4,2,4,4,2.833333333,4,3.416666667,4,5,3,4,4,3,4,4,4,2,4,3.727272727,2,60
HoldHands,2,2,3,2,3,3,4,4,4,4,4,4,4,4,4,4,2,4,4,3.416666667,3.666666667,3.541666667,4,4,2,4,4,4,1,2,4,4,1,3.090909091,1,61
HoldHands,4,1,3,4,3,3,4,4,4,2,3,4,3,4,2,4,1,4,2,3.25,3.166666667,3.208333333,3,3,3,4,3,3,4,3,4,4,4,3.454545455,2,62
HoldHands,4,4,4,4,4,4,5,5,5,2,4,5,4,4,5,5,2,5,2,4.416666667,3.666666667,4.041666667,4,5,5,5,5,5,4,5,4,5,5,4.727272727,3,63
HoldHands,5,3,2,4,4,4,4,4,4,5,4,4,4,5,4,5,4,5,5,3.916666667,4.666666667,4.291666667,4,4,4,4,2,4,4,4,4,4,2,3.636363636,2,64
HoldHands,4,4,4,5,5,4,4,5,4,4,4,4,4,4,4,4,4,5,3,4.333333333,3.833333333,4.083333333,4,4,4,5,5,4,5,5,4,4,5,4.454545455,3,65
HoldHands,4,2,2,3,3,2,3,3,2,4,4,4,4,3,2,4,2,4,2,2.75,3.666666667,3.208333333,2,4,2,4,3,2,4,4,4,2,4,3.181818182,2,66
HoldHands,4,4,4,4,5,4,4,4,4,4,4,4,4,4,4,4,3,4,5,4.083333333,4.166666667,4.125,4,4,5,4,4,4,3,5,3,3,5,4,2,67
HoldHands,5,2,3,3,2,3,4,4,5,5,4,4,2,3,4,5,1,4,3,3.25,4.333333333,3.791666667,3,4,3,4,4,3,5,3,5,4,4,3.818181818,1,68
HoldHands,2,2,2,2,2,2,3,2,2,3,3,4,3,3,1,2,1,3,2,2.25,2.666666667,2.458333333,2,4,2,4,3,1,5,4,4,3,5,3.363636364,2,69
HoldHands,4,4,3,4,3,4,3,4,4,4,4,4,4,3,3,4,2,4,2,3.583333333,3.666666667,3.625,4,4,3,4,4,2,4,4,5,4,4,3.818181818,2,70
HoldHands,4,3,3,4,4,4,4,4,4,4,2,4,3,3,2,2,1,4,2,3.5,3,3.25,3,4,4,4,3,3,4,4,4,4,4,3.727272727,1,71
HoldHands,5,3,3,4,4,4,5,5,4,5,5,5,4,3,3,5,1,5,5,3.916666667,5,4.458333333,3,5,4,5,3,5,1,5,1,5,5,3.818181818,2,72
HoldHands,4,3,3,4,4,4,4,4,4,4,3,4,3,3,4,4,2,4,3,3.666666667,3.666666667,3.666666667,4,4,4,4,4,4,4,4,4,4,3,3.909090909,3,73
HoldHands,4,3,3,3,3,4,3,4,4,5,4,5,3,3,4,4,1,4,2,3.416666667,4,3.708333333,4,4,3,4,4,4,4,4,4,4,5,4,1,74
HoldHands,2,1,3,2,2,2,3,2,2,2,2,3,4,2,1,2,1,3,1,2.25,2,2.125,2,4,2,4,2,3,2,2,3,3,4,2.818181818,2,75
HoldHands,4,2,2,1,2,2,1,4,1,1,1,4,1,2,1,4,1,2,1,1.75,2.5,2.125,1,1,2,2,2,1,2,1,3,5,5,2.272727273,2,76
HoldHands,4,3,4,4,2,3,4,4,4,4,5,4,4,4,4,5,1,4,2,3.666666667,4,3.833333333,4,4,4,5,5,4,5,5,4,5,5,4.545454545,2,77
HoldHands,4,3,3,3,3,2,3,3,4,4,4,4,3,3,3,4,2,4,2,3.083333333,3.666666667,3.375,3,4,3,4,3,2,3,3,5,5,4,3.545454545,1,78
HoldHands,4,2,2,2,2,2,3,2,2,3,4,4,2,3,2,2,2,3,2,2.25,3.166666667,2.708333333,2,4,3,4,2,2,3,3,2,2,1,2.545454545,2,79
HoldHands,2,3,3,4,2,3,3,4,4,4,1,4,3,3,3,4,1,4,2,3.25,2.833333333,3.041666667,3,4,2,3,4,3,2,2,2,2,4,2.818181818,1,80
HoldHands,3,2,2,3,3,3,3,3,3,4,4,4,2,3,3,4,1,3,3,2.75,3.666666667,3.208333333,3,3,3,4,3,3,4,2,4,4,3,3.272727273,2,81
HoldHands,1,2,3,2,2,2,2,3,2,2,1,2,3,3,2,1,2,3,1,2.416666667,1.333333333,1.875,2,1,2,3,3,2,3,4,5,2,4,2.818181818,1,82
HoldHands,5,3,3,3,5,5,5,5,5,5,5,5,5,5,5,5,5,5,5,4.5,5,4.75,5,5,3,5,5,5,5,5,5,5,5,4.818181818,1,83
HoldHands,3,3,3,3,3,3,2,3,3,3,3,3,4,3,2,3,3,2,3,2.833333333,3,2.916666667,4,4,3,4,4,3,4,4,4,4,4,3.818181818,2,84
HoldHands,5,2,1,4,3,4,4,5,2,4,4,4,4,3,3,4,1,5,3,3.333333333,4,3.666666667,2,3,2,4,3,2,4,4,5,3,5,3.363636364,2,85
HoldHands,3,3,3,3,3,3,4,3,3,3,3,3,4,4,3,3,1,4,2,3.333333333,2.833333333,3.083333333,3,3,3,4,5,1,5,5,5,3,5,3.818181818,2,86
HoldHands,4,3,3,4,3,4,4,4,4,3,4,4,3,4,4,4,3,4,4,3.666666667,3.833333333,3.75,4,4,3,3,4,3,4,4,4,4,4,3.727272727,3,87
HoldHands,5,5,5,5,5,5,5,5,5,5,5,5,5,5,5,5,5,5,5,5,5,5,5,5,5,5,5,5,5,5,5,5,5,5,3,88
HoldHands,3,2,2,3,3,3,4,3,2,3,3,3,3,3,2,2,1,3,3,2.75,2.833333333,2.791666667,3,3,3,4,4,4,5,5,5,4,5,4.090909091,1,89
HoldHands,4,2,2,3,3,4,4,4,4,5,4,4,4,3,3,4,2,4,4,3.333333333,4.166666667,3.75,3,4,4,4,4,3,4,4,4,4,4,3.818181818,2,90
HoldHands,2,3,3,3,2,3,2,4,2,2,4,4,3,3,3,1,1,2,1,2.75,2.333333333,2.541666667,3,2,3,3,5,2,3,5,5,4,5,3.636363636,3,91
HoldHands,3,2,2,2,3,4,4,3,2,4,4,4,2,3,2,4,2,3,4,2.666666667,3.833333333,3.25,3,3,3,3,3,3,4,3,4,3,4,3.272727273,1,92
HoldHands,3,1,2,3,2,3,3,3,3,1,2,3,3,2,2,2,1,4,1,2.583333333,2,2.291666667,2,4,2,3,3,2,3,4,3,4,4,3.090909091,1,93
HoldHands,5,1,1,1,3,4,4,1,3,4,4,5,1,1,1,3,1,1,2,1.833333333,3.833333333,2.833333333,1,1,4,1,3,1,5,3,5,1,5,2.727272727,1,94
HoldHands,1,1,1,1,1,1,1,3,1,3,1,1,1,1,1,1,1,1,1,1.166666667,1.333333333,1.25,1,3,2,4,3,1,3,4,4,4,3,2.909090909,2,95
HoldHands,2,1,3,3,2,3,4,2,3,3,3,4,3,2,4,2,1,3,2,2.75,2.666666667,2.708333333,3,4,3,2,4,2,2,2,2,4,3,2.818181818,2,96
HoldHands,4,2,3,2,5,5,4,4,4,4,5,5,4,4,4,4,2,5,4,3.833333333,4.333333333,4.083333333,4,4,3,4,4,2,5,3,5,4,4,3.818181818,4,97
HoldHands,3,2,2,3,2,3,3,4,2,2,3,3,4,3,2,2,1,4,2,2.833333333,2.5,2.666666667,2,3,3,4,3,2,3,4,4,3,4,3.181818182,1,98
HoldHands,5,2,4,4,4,5,5,5,5,5,5,5,4,5,5,4,4,5,5,4.416666667,4.833333333,4.625,5,5,5,4,5,5,5,5,5,5,5,4.909090909,4,99
HoldHands,2,2,3,2,2,1,2,2,4,3,1,3,1,2,2,2,3,3,2,2.166666667,2.166666667,2.166666667,2,3,2,2,2,3,2,2,4,4,4,2.727272727,2,100
HoldHands,3,3,3,3,2,3,3,2,1,2,3,3,3,3,2,2,2,3,1,2.583333333,2.333333333,2.458333333,2,2,2,3,2,2,2,2,4,4,3,2.545454545,2,101
HoldHands,4,3,3,2,3,4,4,4,4,4,4,4,3,3,3,4,2,4,4,3.333333333,4,3.666666667,4,4,3,4,4,4,4,4,3,4,3,3.727272727,2,102
HoldHands,1,1,1,1,1,2,1,1,2,2,3,3,1,1,1,1,1,1,1,1.166666667,1.833333333,1.5,3,3,1,3,4,2,3,2,3,3,4,2.818181818,2,103
HoldHands,5,4,4,4,3,4,4,4,4,5,4,4,4,3,4,4,2,5,4,3.916666667,4.333333333,4.125,3,5,4,5,4,4,5,5,5,4,5,4.454545455,3,104
HoldHands,4,1,2,2,2,2,3,3,2,3,4,4,4,3,2,4,1,3,2,2.416666667,3.5,2.958333333,2,3,2,4,2,2,3,2,3,3,3,2.636363636,1,105
HoldHands,4,3,3,3,3,3,3,3,3,4,4,4,4,3,3,3,1,4,2,3.166666667,3.5,3.333333333,3,3,3,3,3,3,3,3,4,4,4,3.272727273,2,106
HoldHands,3,3,3,3,3,3,3,3,2,2,3,3,3,2,2,2,2,3,1,2.75,2.333333333,2.541666667,4,4,3,3,4,3,3,3,4,4,4,3.545454545,1,107
HoldHands,4,2,2,3,2,3,4,2,4,4,4,4,2,2,2,2,2,4,2,2.666666667,3.333333333,3,4,3,2,4,4,2,2,3,3,2,4,3,1,108
HoldHands,4,3,3,3,3,3,4,4,4,4,4,4,4,4,4,4,1,4,2,3.583333333,3.666666667,3.625,4,4,3,4,3,3,3,4,3,3,3,3.363636364,2,109
HoldHands,4,2,2,3,3,3,3,3,3,3,4,3,3,3,3,3,1,3,2,2.833333333,3.166666667,3,3,3,4,5,4,4,4,5,3,2,2,3.545454545,2,110
HoldHands,2,3,3,2,1,2,3,2,2,3,2,2,4,3,2,4,2,3,2,2.5,2.5,2.5,2,4,3,4,4,2,3,4,2,2,2,2.909090909,2,111
HoldHands,2,2,1,3,2,1,3,4,2,3,4,2,3,2,2,2,1,4,1,2.416666667,2.333333333,2.375,3,3,2,2,4,3,4,5,5,3,3,3.363636364,2,112
HoldHands,5,2,2,2,3,3,5,4,3,4,2,4,3,3,5,5,2,5,4,3.333333333,4,3.666666667,4,4,3,3,5,4,5,4,4,4,5,4.090909091,3,113
HoldHands,4,4,3,4,4,4,4,4,4,4,5,4,5,4,4,5,3,4,5,4,4.5,4.25,4,5,4,4,4,4,4,4,4,4,4,4.090909091,2,114
HoldHands,2,1,1,2,2,2,3,3,1,2,1,2,3,2,2,2,1,2,2,2,1.833333333,1.916666667,2,2,2,3,3,2,2,4,5,3,5,3,1,115
HoldHands,3,1,1,2,1,1,3,3,1,4,3,4,1,1,1,4,1,3,1,1.583333333,3.166666667,2.375,2,3,2,3,3,1,5,5,5,1,5,3.181818182,1,116
HoldHands,2,1,2,2,2,2,2,2,2,3,2,3,3,3,2,1,2,3,2,2.166666667,2.166666667,2.166666667,2,2,2,4,2,1,2,2,3,3,4,2.454545455,2,117
HoldHands,4,3,3,4,4,4,4,4,4,4,4,4,4,4,4,4,3,4,4,3.833333333,4,3.916666667,4,4,4,4,4,4,4,4,4,4,4,4,2,118
HoldHands,4,3,3,4,3,3,4,4,3,4,4,4,4,3,3,4,1,4,4,3.416666667,4,3.708333333,4,4,1,3,4,2,4,3,4,4,4,3.363636364,3,119
HoldHands,5,2,2,2,2,2,4,3,3,5,5,4,3,3,4,4,1,3,3,2.75,4.333333333,3.541666667,4,3,2,3,4,3,4,1,5,5,2,3.272727273,2,120
HoldHands,4,3,3,3,2,3,4,3,3,4,4,4,3,3,3,4,2,4,4,3.083333333,4,3.541666667,3,4,4,4,3,3,3,4,3,3,3,3.363636364,2,121
HoldHands,5,3,3,5,4,5,4,5,5,4,4,5,5,5,4,4,1,5,3,4.416666667,4.166666667,4.291666667,5,5,4,5,5,4,5,5,5,5,5,4.818181818,2,122
HoldHands,3,2,2,1,1,1,2,3,2,3,3,3,3,2,2,3,1,3,1,2,2.666666667,2.333333333,2,3,2,5,2,2,3,2,5,4,4,3.090909091,1,123
HoldHands,4,3,3,4,4,4,4,4,4,4,4,4,4,4,4,3,3,4,4,3.833333333,3.833333333,3.833333333,3,4,4,4,5,4,5,5,5,5,5,4.454545455,2,124
HoldHands,2,2,2,2,2,2,2,2,2,2,2,2,2,2,2,2,2,2,2,2,2,2,3,4,3,2,2,3,2,2,4,4,2,2.818181818,2,125
HoldHands,5,4,4,3,5,4,5,5,5,4,4,5,5,5,5,5,4,5,5,4.583333333,4.666666667,4.625,5,5,4,5,1,5,5,5,4,4,5,4.363636364,2,126
HoldHands,5,3,3,5,5,5,5,5,5,5,5,5,5,5,5,5,5,5,4,4.666666667,4.833333333,4.75,5,5,5,5,5,5,5,5,5,5,4,4.909090909,3,127
HoldHands,5,4,3,4,2,4,5,4,4,4,5,5,4,3,3,2,1,5,2,3.75,3.833333333,3.791666667,4,4,3,5,5,4,5,4,4,4,5,4.272727273,2,128
HoldHands,4,2,2,4,2,2,4,3,2,4,4,4,1,2,2,1,1,3,2,2.416666667,3.166666667,2.791666667,2,2,4,4,2,4,5,4,5,2,5,3.545454545,2,129
HoldHands,4,2,1,3,2,4,4,3,1,4,5,4,2,3,3,4,1,3,4,2.583333333,4.166666667,3.375,3,5,1,3,3,4,3,3,5,4,4,3.454545455,2,130
HoldHands,4,2,2,2,2,2,3,3,2,4,4,3,2,2,2,2,2,2,3,2.166666667,3.333333333,2.75,3,3,2,3,3,2,4,4,4,2,4,3.090909091,1,131
HoldHands,5,2,3,4,4,4,5,5,5,4,5,4,5,5,5,4,3,4,5,4.25,4.5,4.375,5,5,4,5,5,5,5,3,5,5,4,4.636363636,1,132
HoldHands,4,2,2,4,3,4,5,5,3,4,4,4,4,3,4,4,3,4,5,3.583333333,4.166666667,3.875,3,4,4,4,4,4,5,5,5,4,5,4.272727273,2,133
HoldHands,4,2,2,2,2,4,4,2,2,2,4,4,4,2,2,4,2,4,2,2.666666667,3.333333333,3,3,4,3,4,4,4,4,3,3,2,2,3.272727273,1,134
HoldHands,4,1,1,3,2,1,3,4,2,4,3,4,4,2,2,4,1,4,2,2.416666667,3.5,2.958333333,3,4,2,4,4,4,3,5,5,4,5,3.909090909,2,135
HoldHands,4,3,2,3,2,2,3,3,3,3,4,4,3,2,3,4,3,2,3,2.583333333,3.666666667,3.125,2,3,2,4,3,2,3,4,3,2,4,2.909090909,1,136
HoldHands,4,3,3,4,4,5,4,4,4,4,4,5,4,3,4,4,1,4,3,3.833333333,4,3.916666667,4,3,3,5,4,3,5,3,5,4,5,4,1,137
HoldHands,4,2,3,3,3,3,4,3,4,2,2,4,3,2,3,3,2,3,2,3,2.833333333,2.916666667,4,4,2,3,4,3,4,4,5,4,4,3.727272727,2,138
HoldHands,5,4,4,4,4,4,4,4,4,4,4,4,4,4,5,4,4,4,4,4.083333333,4.166666667,4.125,4,4,4,4,4,4,4,4,4,4,4,4,2,139
HoldHands,4,3,3,4,5,3,4,4,3,4,5,4,4,5,4,4,5,4,5,3.833333333,4.333333333,4.083333333,4,4,4,4,4,3,4,4,5,3,4,3.909090909,1,140
HoldHands,4,2,2,2,3,3,4,4,4,4,4,4,3,4,4,4,2,4,3,3.25,3.833333333,3.541666667,4,4,3,4,5,4,5,5,5,4,5,4.363636364,2,141
HoldHands,4,3,3,3,4,2,3,3,4,4,4,4,3,3,3,4,3,3,4,3.083333333,4,3.541666667,4,4,3,3,3,2,2,2,3,3,3,2.909090909,1,142
HoldHands,5,3,5,4,5,4,5,5,5,5,5,5,5,4,4,5,4,5,5,4.5,5,4.75,4,5,4,5,5,4,5,5,4,4,5,4.545454545,3,143
HoldHands,2,1,1,3,2,2,2,4,2,1,2,3,3,3,2,3,1,3,1,2.333333333,2,2.166666667,2,2,3,3,2,2,2,3,3,3,4,2.636363636,2,144
HoldHands,4,3,3,3,3,3,4,4,4,5,4,4,4,4,4,4,1,4,4,3.583333333,4.166666667,3.875,4,4,3,4,4,4,4,4,4,4,4,3.909090909,3,145
HoldHands,5,5,5,5,5,5,5,5,5,4,5,5,5,5,5,4,1,5,4,5,4.5,4.75,4,5,5,5,5,5,5,5,5,5,5,4.909090909,2,146
HoldHands,4,1,1,2,1,2,3,2,4,4,3,4,3,2,2,3,1,4,3,2.25,3.5,2.875,3,4,2,2,3,2,2,2,2,2,2,2.363636364,2,147
HoldHands,4,3,4,4,4,4,4,4,5,4,5,4,4,4,4,4,5,4,4,4,4.166666667,4.083333333,4,5,4,4,4,5,4,4,4,4,4,4.181818182,3,148
HoldHands,2,2,3,3,2,3,2,4,2,2,2,3,3,3,2,2,2,2,2,2.583333333,2.166666667,2.375,2,2,4,3,2,3,2,3,4,4,3,2.909090909,1,149
HoldHands,4,1,1,1,1,1,2,3,4,5,4,5,2,3,1,5,1,3,3,1.916666667,4.333333333,3.125,4,4,3,3,4,4,3,4,4,4,4,3.727272727,1,150
HoldHands,1,1,1,2,1,3,3,1,1,2,1,1,1,1,1,2,1,1,1,1.416666667,1.333333333,1.375,1,5,1,2,2,1,1,1,5,3,3,2.272727273,1,151
HoldHands,3,2,2,3,2,3,3,3,2,2,3,3,2,3,3,2,2,2,3,2.5,2.666666667,2.583333333,2,3,2,4,3,3,3,4,4,4,3,3.181818182,1,152
HoldHands,3,3,3,2,2,2,4,3,3,3,4,4,3,3,3,4,2,4,2,2.916666667,3.333333333,3.125,4,3,3,4,4,3,4,3,4,4,2,3.454545455,1,153
HoldHands,3,3,2,3,2,2,3,3,2,3,4,2,3,3,2,2,1,3,2,2.583333333,2.666666667,2.625,2,2,3,3,2,2,2,3,4,4,3,2.727272727,2,154
HoldHands,4,2,2,2,3,4,3,4,2,4,4,2,3,3,4,4,1,4,2,3,3.333333333,3.166666667,3,3,3,4,3,3,4,3,4,2,4,3.272727273,1,155
HoldHands,4,3,4,5,4,5,3,3,5,3,3,4,4,4,4,5,3,4,5,4,4,4,3,5,4,5,2,5,2,3,3,4,3,3.545454545,4,156
HoldHands,3,1,1,2,2,3,2,2,2,4,4,4,3,3,2,2,2,3,4,2.166666667,3.5,2.833333333,2,4,2,3,4,3,4,3,3,2,4,3.090909091,2,157
HoldHands,5,5,4,5,5,4,4,4,4,5,5,5,4,4,5,5,4,5,5,4.416666667,5,4.708333333,1,2,3,4,4,3,4,4,3,4,4,3.272727273,2,158
HoldHands,4,4,4,4,4,4,4,4,4,4,4,4,4,4,4,4,4,4,4,4,4,4,4,4,4,4,2,4,2,2,2,4,5,3.363636364,2,159
HoldHands,4,3,3,3,3,3,3,4,4,4,4,4,4,4,4,4,3,4,4,3.5,4,3.75,3,4,3,4,4,3,4,4,4,3,4,3.636363636,2,160
HoldHands,2,3,1,1,2,4,3,2,5,4,4,4,4,3,1,5,1,5,4,2.833333333,3.833333333,3.333333333,2,4,1,3,2,1,1,3,2,1,1,1.909090909,2,161
HoldHands,3,3,3,3,3,3,4,4,3,4,4,3,4,3,3,3,2,3,2,3.25,3.166666667,3.208333333,3,3,3,3,3,2,2,3,3,4,4,3,2,162
HoldHands,4,3,3,3,3,2,3,3,4,2,4,3,3,3,4,4,2,3,2,3.083333333,3.166666667,3.125,3,3,3,3,2,3,3,4,3,2,3,2.909090909,2,163
HoldHands,4,3,3,4,3,4,4,4,4,4,4,4,4,4,4,4,2,4,3,3.75,3.833333333,3.791666667,4,4,3,4,4,3,4,3,4,3,3,3.545454545,2,164
HoldHands,2,1,1,1,1,1,3,2,2,1,2,1,1,1,1,1,1,1,2,1.333333333,1.5,1.416666667,2,1,1,4,1,1,3,3,3,2,4,2.272727273,2,165
HoldHands,3,2,1,3,1,1,4,4,4,5,4,5,5,5,3,4,1,5,3,3.166666667,4,3.583333333,4,4,4,5,4,5,5,5,5,5,5,4.636363636,2,166
HoldHands,4,2,2,2,2,2,3,3,3,4,4,4,4,3,2,4,1,4,3,2.666666667,3.833333333,3.25,3,4,4,4,4,4,4,5,4,3,5,4,1,167
HoldHands,3,1,1,2,1,2,2,2,2,3,3,2,2,2,2,2,1,2,1,1.75,2.333333333,2.041666667,2,2,2,4,2,2,2,3,3,2,3,2.454545455,1,168
HoldHands,2,3,3,3,3,2,5,4,4,4,4,5,3,3,4,4,2,5,3,3.5,3.666666667,3.583333333,5,4,4,5,3,4,4,4,4,5,4,4.181818182,2,169
HoldHands,4,3,4,4,3,4,4,4,2,3,2,4,3,2,2,4,2,3,2,3.166666667,3.166666667,3.166666667,2,4,4,4,4,2,4,4,4,2,5,3.545454545,2,170
HoldHands,3,3,3,3,3,3,3,3,3,4,3,3,4,3,3,3,3,3,3,3.083333333,3.166666667,3.125,3,4,4,4,3,3,3,4,3,2,4,3.363636364,2,171
HoldHands,3,3,3,3,2,3,4,4,3,3,3,4,5,3,3,3,1,3,3,3.25,3.166666667,3.208333333,3,4,3,5,4,3,4,4,5,5,5,4.090909091,1,172
HoldHands,4,2,3,4,3,3,3,3,4,3,3,4,3,3,3,4,3,3,4,3.083333333,3.666666667,3.375,3,3,4,3,4,4,4,4,4,4,4,3.727272727,3,173
HoldHands,4,2,4,2,2,4,4,2,4,4,4,2,4,4,2,2,2,4,4,3.166666667,3.333333333,3.25,2,4,2,4,4,2,2,2,4,2,4,2.909090909,2,174
HoldHands,4,3,3,4,4,4,4,4,4,4,4,4,4,4,4,4,3,4,4,3.833333333,4,3.916666667,4,4,4,4,4,4,4,4,4,4,4,4,3,175
HoldHands,4,2,3,4,4,4,4,4,4,4,4,4,4,4,4,4,2,4,4,3.75,4,3.875,5,4,4,4,5,4,4,4,5,4,4,4.272727273,3,176
HoldHands,5,4,4,4,5,5,4,4,4,4,5,5,4,4,4,4,2,5,5,4.25,4.666666667,4.458333333,4,4,4,5,4,4,5,4,4,4,4,4.181818182,3,177
HoldHands,4,1,1,3,3,2,4,3,2,4,4,4,3,3,2,2,1,3,2,2.5,3.333333333,2.916666667,2,2,2,5,2,3,4,3,5,3,5,3.272727273,2,178
HoldHands,5,5,5,5,5,5,5,4,5,5,5,5,5,4,4,4,4,5,5,4.75,4.833333333,4.791666667,5,5,3,4,5,3,2,4,5,5,5,4.181818182,3,179
HoldHands,4,1,1,2,3,4,3,4,2,3,4,3,3,4,2,3,1,4,1,2.75,3,2.875,4,4,3,4,4,3,4,5,4,4,3,3.818181818,2,180
HoldHands,5,1,1,1,1,1,3,1,1,4,3,4,4,1,1,3,1,1,3,1.416666667,3.666666667,2.541666667,1,3,1,4,5,1,5,4,5,3,5,3.363636364,1,181
HoldHands,2,3,2,3,3,3,4,4,3,3,2,3,3,3,3,3,1,4,2,3.166666667,2.5,2.833333333,2,2,3,4,3,2,3,4,4,3,4,3.090909091,2,182
HoldHands,5,5,5,5,5,5,5,5,4,5,5,4,5,5,5,5,5,5,4,4.916666667,4.666666667,4.791666667,5,5,5,5,1,5,1,1,1,5,1,3.181818182,2,183
HoldHands,4,2,3,3,4,4,4,4,4,4,4,4,4,3,3,5,2,4,3,3.5,4,3.75,4,5,3,5,3,4,4,3,5,4,4,4,3,184
HoldHands,2,2,2,2,2,2,2,2,3,2,2,3,2,2,2,2,2,2,2,2.083333333,2.166666667,2.125,4,4,2,3,4,4,2,2,4,4,2,3.181818182,2,185
HoldHands,2,3,3,3,2,2,4,4,3,2,2,3,5,3,4,3,1,5,2,3.416666667,2.333333333,2.875,3,2,3,4,3,2,2,5,5,4,4,3.363636364,2,186
HoldHands,4,2,2,3,2,3,4,4,3,4,4,4,3,4,3,4,2,4,3,3.083333333,3.833333333,3.458333333,2,4,3,4,3,4,4,3,3,4,3,3.363636364,1,187
HoldHands,3,2,2,3,4,4,4,4,4,4,3,4,4,4,4,4,1,3,2,3.5,3.333333333,3.416666667,2,5,4,4,4,3,2,3,4,3,2,3.272727273,1,188
HoldHands,4,2,3,4,3,4,4,5,3,5,4,4,3,4,5,4,2,4,5,3.666666667,4.333333333,4,4,4,4,5,4,4,5,5,5,4,4,4.363636364,3,189
HoldHands,4,2,3,3,2,2,4,4,3,4,4,4,4,3,3,4,1,4,4,3.083333333,4,3.541666667,3,4,3,4,3,2,4,4,4,4,4,3.545454545,2,190
HoldHands,4,1,1,2,2,3,4,3,3,2,4,4,3,3,3,4,2,4,2,2.666666667,3.333333333,3,4,4,2,4,2,2,4,3,4,2,4,3.181818182,2,191
HoldHands,5,5,4,5,4,5,5,5,5,5,5,5,5,5,5,5,1,5,5,4.833333333,5,4.916666667,5,4,5,5,5,5,5,5,5,5,5,4.909090909,3,192
HoldHands,4,3,2,2,2,2,4,3,4,4,4,4,4,3,4,4,2,3,4,3,4,3.5,3,2,3,4,3,2,3,3,3,2,3,2.818181818,2,193
HoldHands,4,3,2,2,2,2,4,2,3,3,3,4,2,2,2,2,2,3,2,2.416666667,3,2.708333333,2,3,1,1,2,1,2,1,5,4,4,2.363636364,1,194
HoldHands,2,2,2,3,2,4,4,4,2,2,4,4,4,2,2,4,2,4,2,2.916666667,3,2.958333333,4,4,3,4,4,3,3,3,3,3,3,3.363636364,2,195
HoldHands,3,2,4,5,3,4,4,4,4,4,5,4,5,4,4,3,3,4,4,3.916666667,3.833333333,3.875,5,5,5,5,2,4,2,1,1,4,2,3.272727273,2,196
HoldHands,4,4,3,3,4,4,4,5,4,4,3,4,4,4,4,3,3,5,4,4,3.666666667,3.833333333,4,3,4,4,2,4,4,4,4,4,2,3.545454545,2,197
HoldHands,4,4,4,5,3,3,5,4,4,4,4,4,5,4,4,5,1,4,3,4.083333333,4,4.041666667,5,4,4,5,4,4,5,5,4,4,5,4.454545455,2,198
HoldHands,3,2,3,2,2,2,2,3,3,2,2,2,3,2,3,3,1,2,1,2.416666667,2.166666667,2.291666667,3,2,3,4,3,3,4,4,2,3,2,3,1,199
HoldHands,4,3,3,3,3,3,3,4,3,3,4,4,3,3,3,4,2,3,3,3.083333333,3.666666667,3.375,4,3,3,4,5,3,5,5,4,4,5,4.090909091,2,200
HoldHands,3,4,4,4,3,4,4,2,4,2,4,4,4,3,3,4,1,2,2,3.416666667,3.166666667,3.291666667,3,3,4,3,2,2,2,3,3,2,3,2.727272727,1,201
Pet,4,4,4,4,5,5,5,4,4,4,4,4,4,4,4,4,1,4,4,4.25,4,4.125,4,4,4,4,5,4,5,4,5,4,5,4.363636364,3,1
Pet,4,4,4,4,4,4,5,5,5,4,5,4,5,4,5,5,5,4,5,4.416666667,4.5,4.458333333,4,4,5,4,5,4,5,2,5,4,2,4,2,2
Pet,3,3,3,3,4,5,4,4,4,4,3,5,4,5,4,5,3,5,3,4,3.833333333,3.916666667,4,5,4,4,5,4,5,5,5,5,5,4.636363636,4,3
Pet,5,2,4,5,5,5,5,5,5,4,5,5,5,5,4,4,2,5,4,4.583333333,4.5,4.541666667,5,4,4,5,5,4,5,5,5,5,5,4.727272727,3,4
Pet,5,3,3,4,5,5,5,5,5,4,4,5,3,4,5,4,2,5,4,4.333333333,4.333333333,4.333333333,4,4,4,3,4,4,5,5,5,4,5,4.272727273,2,5
Pet,5,3,4,5,4,5,5,5,5,5,5,5,5,4,3,5,1,5,4,4.416666667,4.833333333,4.625,5,4,4,5,5,4,5,5,5,4,5,4.636363636,4,6
Pet,3,3,3,4,4,3,3,4,4,4,3,4,3,4,3,3,3,3,3,3.416666667,3.333333333,3.375,4,4,3,3,3,4,4,3,3,4,4,3.545454545,4,7
Pet,5,2,3,4,5,5,5,5,5,4,4,5,5,5,4,4,1,5,4,4.416666667,4.333333333,4.375,5,5,3,4,4,4,4,4,5,4,5,4.272727273,4,8
Pet,5,5,5,5,5,5,5,5,5,5,5,5,5,5,5,5,3,5,5,5,5,5,1,5,5,5,5,5,4,5,5,5,5,4.545454545,4,9
Pet,4,3,3,4,5,5,4,4,4,4,4,4,4,4,3,4,1,5,4,4,4,4,4,4,4,4,4,5,5,5,4,5,5,4.454545455,4,10
Pet,4,3,3,4,4,4,4,4,4,4,4,4,3,4,4,4,1,4,4,3.75,4,3.875,5,5,4,3,5,4,5,5,5,4,5,4.545454545,4,11
Pet,5,4,3,5,4,4,5,4,5,5,3,5,3,1,4,3,4,5,4,3.916666667,4.166666667,4.041666667,4,5,5,4,1,2,2,4,4,4,4,3.545454545,3,12
Pet,4,2,2,2,4,5,4,4,3,4,4,4,3,3,2,4,1,3,3,3.083333333,3.833333333,3.458333333,4,4,3,3,4,4,4,4,4,3,4,3.727272727,4,13
Pet,5,4,4,5,5,5,5,5,5,5,5,5,5,5,5,5,3,5,5,4.833333333,5,4.916666667,5,5,4,5,5,5,5,5,5,5,5,4.909090909,4,14
Pet,3,4,4,3,4,5,4,4,4,5,4,4,4,4,4,4,3,3,5,3.916666667,4.166666667,4.041666667,4,4,3,4,2,4,4,5,4,4,2,3.636363636,4,15
Pet,3,3,3,4,4,4,3,3,3,4,4,3,3,3,3,3,3,3,4,3.25,3.5,3.375,3,3,3,3,3,3,3,3,3,3,3,3,3,16
Pet,3,2,3,4,3,3,3,3,3,5,3,5,3,3,3,2,3,3,2,3,3.333333333,3.166666667,4,3,3,2,2,3,2,2,3,4,4,2.909090909,2,17
Pet,5,4,4,5,5,5,5,5,5,5,4,5,5,5,5,5,2,5,5,4.833333333,4.833333333,4.833333333,5,5,5,4,5,5,5,5,5,5,5,4.909090909,4,18
Pet,4,5,4,4,5,5,4,5,4,5,5,5,4,5,5,4,1,5,3,4.583333333,4.333333333,4.458333333,5,4,3,3,5,4,5,5,5,4,5,4.363636364,2,19
Pet,4,4,4,4,2,4,4,4,4,4,3,4,4,4,3,2,2,3,3,3.666666667,3.333333333,3.5,4,3,3,4,3,3,4,5,4,4,5,3.818181818,4,20
Pet,4,4,4,4,5,5,4,4,4,5,5,5,4,4,4,4,2,4,4,4.166666667,4.5,4.333333333,4,5,4,5,4,4,4,4,4,4,4,4.181818182,3,21
Pet,4,4,3,4,4,4,4,4,4,4,4,4,4,4,4,4,2,4,4,3.916666667,4,3.958333333,4,4,4,4,4,4,4,4,5,5,5,4.272727273,4,22
Pet,5,2,3,4,4,4,5,5,4,4,4,5,4,4,4,4,2,4,5,3.916666667,4.5,4.208333333,4,4,4,4,4,4,4,5,4,4,5,4.181818182,3,23
Pet,5,3,3,4,4,5,4,4,4,4,5,4,4,4,4,4,3,4,4,3.916666667,4.333333333,4.125,4,4,3,4,4,4,4,4,4,4,4,3.909090909,4,24
Pet,4,3,3,4,4,4,4,4,4,4,4,5,4,4,4,4,2,4,4,3.833333333,4.166666667,4,4,4,4,3,4,4,5,4,5,5,5,4.272727273,4,25
Pet,4,1,2,4,5,5,4,3,4,4,2,4,3,4,4,4,1,4,4,3.583333333,3.666666667,3.625,4,3,3,3,4,4,5,4,5,4,4,3.909090909,4,26
Pet,4,3,3,4,4,4,4,4,4,4,3,5,4,3,4,4,3,5,4,3.833333333,4,3.916666667,4,4,4,4,4,4,4,4,4,4,4,4,3,27
Pet,4,3,3,4,5,5,5,5,4,5,3,4,3,4,4,4,2,4,3,4.083333333,3.833333333,3.958333333,5,4,4,4,5,4,5,4,5,5,5,4.545454545,4,28
Pet,4,3,3,4,5,5,5,5,4,4,4,5,4,4,4,4,2,5,3,4.25,4,4.125,4,4,4,4,4,4,4,4,4,4,4,4,4,29
Pet,4,5,5,5,5,5,5,5,5,4,5,5,4,4,5,5,1,5,4,4.833333333,4.5,4.666666667,3,5,5,5,5,3,5,5,3,3,5,4.272727273,4,30
Pet,4,3,4,4,5,5,4,5,5,5,3,5,4,5,4,5,2,5,3,4.416666667,4.166666667,4.291666667,5,5,3,4,1,4,5,5,5,5,4,4.181818182,4,31
Pet,5,3,3,5,5,5,5,4,3,4,5,5,3,4,3,4,1,5,5,4,4.666666667,4.333333333,4,5,4,3,4,4,5,5,5,4,5,4.363636364,4,32
Pet,4,1,1,2,4,4,4,4,3,4,3,5,3,3,3,4,1,4,4,3,4,3.5,4,4,2,1,4,3,4,3,3,4,4,3.272727273,3,33
Pet,5,1,1,5,5,5,5,5,5,4,5,5,5,5,5,5,1,5,5,4.333333333,4.833333333,4.583333333,5,5,5,5,5,5,5,5,5,5,5,5,4,34
Pet,4,3,3,4,4,4,4,4,4,4,4,4,4,3,3,5,1,4,2,3.666666667,3.833333333,3.75,4,3,3,4,4,4,5,5,5,4,2,3.909090909,3,35
Pet,5,4,4,5,5,4,5,5,5,5,5,5,5,5,5,3,1,5,5,4.75,4.666666667,4.708333333,5,5,5,5,5,5,5,5,5,5,5,5,4,36
Pet,4,2,3,4,4,5,4,4,4,5,4,4,3,4,4,4,2,4,4,3.75,4.166666667,3.958333333,4,4,4,4,5,4,5,5,5,4,5,4.454545455,4,37
Pet,5,3,2,5,5,5,5,5,5,5,5,5,5,5,5,5,3,5,5,4.583333333,5,4.791666667,5,5,5,5,5,5,1,5,5,5,5,4.636363636,4,38
Pet,4,1,3,4,5,5,5,4,4,4,4,5,4,4,4,4,1,4,4,3.916666667,4.166666667,4.041666667,5,5,4,4,5,4,5,5,5,5,5,4.727272727,4,39
Pet,4,3,4,4,5,5,5,5,4,4,4,5,4,5,4,4,2,5,4,4.416666667,4.166666667,4.291666667,4,4,4,4,5,4,5,5,5,4,5,4.454545455,4,40
Pet,5,3,1,5,5,5,5,5,5,5,5,5,5,5,5,5,1,5,5,4.5,5,4.75,5,5,4,5,5,5,5,5,5,5,5,4.909090909,4,41
Pet,5,5,3,4,5,5,5,5,4,4,5,5,5,5,5,5,3,5,5,4.666666667,4.833333333,4.75,4,4,5,5,5,3,5,5,5,5,5,4.636363636,3,42
Pet,4,3,4,5,5,5,5,5,5,4,4,5,4,5,5,5,2,5,4,4.666666667,4.333333333,4.5,4,4,5,5,5,4,5,5,5,5,5,4.727272727,4,43
Pet,4,2,3,5,5,5,5,5,5,4,5,5,4,5,5,4,3,5,5,4.5,4.5,4.5,5,5,4,4,5,5,5,5,5,5,5,4.818181818,4,44
Pet,4,3,4,5,4,5,5,5,4,4,4,4,5,4,4,5,1,4,3,4.333333333,4,4.166666667,5,4,4,4,5,4,5,4,4,5,5,4.454545455,2,45
Pet,4,3,3,4,4,5,5,5,4,5,4,5,4,5,4,4,2,4,4,4.166666667,4.333333333,4.25,4,4,4,4,4,4,4,4,4,4,4,4,4,46
Pet,4,3,3,5,5,5,5,5,4,4,3,5,3,4,4,4,2,5,3,4.25,3.833333333,4.041666667,5,5,4,4,5,4,4,5,4,5,5,4.545454545,4,47
Pet,5,3,3,5,5,5,5,5,5,5,5,5,5,3,5,5,1,5,5,4.5,5,4.75,4,3,4,5,3,5,5,5,5,4,5,4.363636364,4,48
Pet,4,3,4,4,5,5,5,5,4,4,3,5,4,4,4,4,4,5,3,4.333333333,3.833333333,4.083333333,4,4,4,3,5,4,5,4,5,4,5,4.272727273,4,49
Pet,4,3,2,2,4,4,4,3,1,2,3,4,3,2,3,3,1,3,2,2.833333333,3,2.916666667,2,2,1,3,3,1,2,1,4,4,5,2.545454545,4,50
Pet,3,1,3,4,4,4,5,5,5,3,4,5,3,4,3,3,2,4,4,3.75,3.666666667,3.708333333,5,4,4,5,5,4,5,5,5,3,5,4.545454545,4,51
Pet,4,3,3,4,4,5,5,4,4,3,4,4,3,4,4,3,2,4,3,3.916666667,3.5,3.708333333,5,5,2,4,4,3,4,4,5,5,5,4.181818182,2,52
Pet,5,4,4,5,5,5,5,5,5,5,5,5,5,5,5,5,2,5,5,4.833333333,5,4.916666667,5,5,4,5,5,5,5,5,5,5,5,4.909090909,4,53
Pet,4,2,4,4,4,4,4,4,4,4,4,4,2,4,2,4,2,4,5,3.5,4.166666667,3.833333333,4,3,4,4,5,4,5,4,4,4,4,4.090909091,4,54
Pet,4,2,2,3,4,4,4,4,3,4,4,4,3,3,3,4,2,3,4,3.166666667,4,3.583333333,3,4,4,4,3,3,4,3,4,3,4,3.545454545,2,55
Pet,4,2,2,4,5,5,4,4,3,5,4,4,4,3,4,3,1,4,4,3.666666667,4,3.833333333,3,4,2,4,4,4,5,4,5,4,5,4,4,56
Pet,5,4,3,5,5,5,5,5,5,5,5,5,5,5,5,5,1,5,5,4.75,5,4.875,5,4,5,5,5,5,5,5,5,4,5,4.818181818,4,57
Pet,3,1,1,3,3,4,4,3,3,3,3,3,3,3,1,1,1,3,3,2.666666667,2.666666667,2.666666667,3,3,1,3,3,1,3,3,4,3,5,2.909090909,4,58
Pet,3,4,4,4,5,4,4,5,4,4,4,4,4,5,4,4,3,4,4,4.25,3.833333333,4.041666667,4,4,5,5,4,5,2,2,4,5,4,4,2,59
Pet,4,3,3,4,4,4,4,4,4,4,4,4,4,4,4,4,2,4,4,3.833333333,4,3.916666667,4,4,3,4,4,3,4,4,4,4,4,3.818181818,1,60
Pet,5,4,5,5,5,5,5,4,5,4,5,4,5,4,5,5,5,4,5,4.666666667,4.666666667,4.666666667,5,4,4,4,5,4,3,4,4,5,4,4.181818182,4,61
Pet,4,2,2,4,4,4,4,4,4,4,3,4,4,3,4,4,1,4,3,3.583333333,3.666666667,3.625,3,3,4,4,3,4,4,3,4,4,5,3.727272727,4,62
Pet,4,3,2,4,5,5,5,4,4,5,4,5,3,3,4,4,1,4,4,3.833333333,4.333333333,4.083333333,5,5,3,3,5,5,5,5,5,5,5,4.636363636,4,63
Pet,4,3,2,4,5,4,5,4,4,3,5,5,4,4,5,4,5,4,5,4,4.333333333,4.166666667,4,4,4,5,1,5,2,2,2,4,1,3.090909091,3,64
Pet,4,5,4,5,5,5,5,5,5,4,5,5,5,5,5,5,2,5,5,4.916666667,4.666666667,4.791666667,5,5,5,5,5,5,5,5,5,5,5,5,4,65
Pet,4,2,2,4,4,4,4,4,4,4,4,4,4,4,4,4,2,4,4,3.666666667,4,3.833333333,4,4,4,4,4,4,4,4,4,4,4,4,3,66
Pet,4,4,4,5,5,4,5,4,5,5,5,4,5,4,5,4,3,4,5,4.5,4.5,4.5,5,4,4,4,4,4,3,5,3,4,5,4.090909091,3,67
Pet,5,3,3,4,5,5,5,4,5,4,3,5,2,4,4,4,2,5,3,4.083333333,4,4.041666667,4,5,4,5,5,4,4,4,5,4,5,4.454545455,2,68
Pet,2,2,2,3,3,2,3,4,4,4,5,4,4,4,3,4,2,4,4,3.166666667,3.833333333,3.5,4,4,3,4,4,4,4,4,4,4,5,4,4,69
Pet,4,4,3,5,5,5,5,4,5,4,4,4,5,5,4,4,1,5,4,4.583333333,4,4.291666667,5,4,4,4,5,4,5,5,5,5,5,4.636363636,4,70
Pet,4,3,3,4,4,4,4,4,4,4,4,4,4,4,4,4,2,4,4,3.833333333,4,3.916666667,4,4,4,4,4,4,4,4,4,4,4,4,2,71
Pet,5,5,5,5,5,5,5,5,5,5,5,5,5,5,5,5,5,5,5,5,5,5,5,5,5,5,5,5,5,5,1,5,5,4.636363636,3,72
Pet,4,4,4,4,5,5,5,4,4,4,4,4,4,4,4,4,3,4,4,4.25,4,4.125,4,4,4,4,4,4,4,4,4,4,4,4,4,73
Pet,4,4,2,4,5,5,5,4,4,5,5,5,3,4,3,4,1,4,4,3.916666667,4.5,4.208333333,5,5,3,4,5,4,5,5,5,5,5,4.636363636,2,74
Pet,4,3,3,4,5,4,4,5,4,4,4,5,4,4,4,4,1,4,3,4,4,4,4,4,4,4,4,4,4,4,4,4,4,4,4,75
Pet,5,4,4,5,5,5,5,5,5,5,5,5,4,4,5,4,2,5,5,4.666666667,4.833333333,4.75,5,4,5,5,5,4,5,5,5,4,5,4.727272727,4,76
Pet,5,5,4,4,5,5,5,5,5,4,4,5,5,5,5,5,2,5,5,4.833333333,4.666666667,4.75,5,4,5,5,5,5,5,5,5,5,5,4.909090909,4,77
Pet,5,3,3,4,5,5,5,4,5,5,4,5,3,4,3,5,3,4,4,4,4.666666667,4.333333333,5,5,5,5,5,5,5,5,5,5,5,5,2,78
Pet,4,2,2,5,5,5,5,5,4,5,4,5,4,5,4,3,2,5,4,4.25,4.166666667,4.208333333,5,5,4,5,5,5,5,5,5,5,5,4.909090909,4,79
Pet,5,4,3,5,5,5,5,5,5,4,4,5,5,5,5,5,3,5,5,4.75,4.666666667,4.708333333,5,5,5,5,5,5,5,5,5,5,5,5,3,80
Pet,4,2,2,4,4,4,4,4,3,4,4,4,3,4,3,4,1,4,3,3.416666667,3.833333333,3.625,4,3,3,4,4,4,4,4,4,4,5,3.909090909,4,81
Pet,5,2,3,4,5,5,5,5,5,4,5,5,4,4,4,5,3,5,4,4.25,4.666666667,4.458333333,5,5,3,5,4,5,4,4,5,4,4,4.363636364,3,82
Pet,5,3,5,5,5,5,5,5,5,5,5,5,5,5,5,5,3,5,5,4.833333333,5,4.916666667,5,5,5,5,5,5,5,5,5,5,5,5,4,83
Pet,4,4,4,4,4,4,4,4,4,4,4,4,4,4,4,4,4,4,4,4,4,4,4,4,4,4,4,4,4,4,4,4,4,4,4,84
Pet,5,3,3,5,5,5,5,5,3,4,4,5,3,3,3,5,1,4,2,3.916666667,4.166666667,4.041666667,4,4,3,3,4,3,5,5,5,4,5,4.090909091,4,85
Pet,5,3,3,5,5,5,5,5,5,5,5,5,5,5,3,5,1,5,5,4.5,5,4.75,4,4,3,5,5,3,5,5,5,5,5,4.454545455,4,86
Pet,4,3,4,4,5,4,5,5,5,4,4,4,3,4,4,4,3,5,4,4.25,4,4.125,4,4,4,3,5,4,5,4,4,4,4,4.090909091,4,87
Pet,5,5,5,5,5,5,5,5,5,5,5,5,5,5,5,5,5,5,5,5,5,5,5,5,5,5,5,5,5,1,5,5,5,4.636363636,4,88
Pet,4,4,4,4,4,5,4,4,4,4,4,4,4,4,4,4,2,4,4,4.083333333,4,4.041666667,4,4,4,4,2,4,5,5,5,4,5,4.181818182,3,89
Pet,4,2,3,4,5,5,5,5,4,5,4,5,4,4,5,4,2,5,5,4.25,4.5,4.375,5,4,4,5,5,5,4,5,5,5,5,4.727272727,3,90
Pet,5,5,5,5,5,5,5,5,5,4,4,5,5,5,5,3,1,5,3,5,4,4.5,5,5,5,5,5,5,5,5,5,5,5,5,4,91
Pet,4,2,2,4,5,5,5,4,5,4,4,4,4,4,4,4,2,4,4,4,4,4,4,3,2,3,4,3,3,4,4,4,4,3.454545455,3,92
Pet,5,3,3,3,5,5,5,4,3,5,4,4,3,4,3,3,1,4,4,3.75,4.166666667,3.958333333,4,4,4,4,5,4,4,4,5,4,5,4.272727273,4,93
Pet,4,1,1,1,4,4,5,5,1,4,5,5,1,1,1,2,1,1,4,2.166666667,4,3.083333333,4,4,1,1,5,4,5,3,4,5,5,3.727272727,2,94
Pet,5,3,4,5,5,5,5,5,5,5,5,5,3,5,5,5,1,5,5,4.583333333,5,4.791666667,4,5,5,5,5,5,5,5,5,5,5,4.909090909,4,95
Pet,5,3,5,5,5,5,5,5,5,5,5,5,5,5,5,5,2,5,5,4.833333333,5,4.916666667,5,5,5,5,5,5,5,5,5,5,5,5,4,96
Pet,5,2,3,3,4,4,5,4,4,5,4,5,5,4,4,5,2,4,4,3.833333333,4.666666667,4.25,4,4,4,5,4,3,4,3,5,4,3,3.909090909,2,97
Pet,4,3,3,4,5,5,5,4,3,4,4,4,4,4,3,4,1,5,4,4,4,4,3,4,4,4,4,4,5,5,5,4,5,4.272727273,3,98
Pet,5,2,4,4,5,5,5,4,4,5,4,5,4,5,4,4,4,5,4,4.25,4.5,4.375,4,5,4,5,5,4,5,4,4,4,4,4.363636364,2,99
Pet,5,2,3,5,5,5,5,4,5,4,5,5,5,5,4,5,5,4,4,4.333333333,4.666666667,4.5,5,5,4,5,5,5,5,5,5,4,5,4.818181818,4,100
Pet,4,3,3,4,4,4,4,4,4,4,4,4,4,2,4,4,1,4,4,3.666666667,4,3.833333333,4,4,3,4,4,4,4,4,4,4,4,3.909090909,4,101
Pet,5,2,2,3,5,5,5,4,4,5,5,5,4,5,3,5,2,5,5,3.916666667,5,4.458333333,5,4,3,4,5,4,5,4,5,4,4,4.272727273,3,102
Pet,2,2,2,2,2,3,3,2,2,3,2,2,1,2,2,2,1,2,2,2.083333333,2.166666667,2.125,3,3,1,3,3,2,3,2,3,3,3,2.636363636,4,103
Pet,5,5,4,5,5,5,5,5,5,4,4,5,4,5,5,5,2,5,5,4.833333333,4.666666667,4.75,5,5,5,5,5,5,5,5,5,5,5,5,4,104
Pet,4,2,3,4,4,4,5,4,5,4,4,5,4,4,5,5,3,4,5,4,4.5,4.25,4,5,4,4,4,4,4,4,4,5,4,4.181818182,4,105
Pet,5,3,3,4,5,5,5,5,5,4,5,5,3,3,3,3,1,4,5,4,4.5,4.25,5,5,3,3,5,3,3,4,5,5,5,4.181818182,3,106
Pet,5,3,4,3,4,4,4,5,5,5,5,5,3,4,5,4,2,4,5,4,4.833333333,4.416666667,4,4,4,4,4,5,4,4,5,4,4,4.181818182,3,107
Pet,4,4,4,4,4,4,4,4,4,4,4,4,4,2,4,2,2,4,4,3.833333333,3.666666667,3.75,4,3,2,4,4,4,4,4,4,4,4,3.727272727,2,108
Pet,4,4,4,4,4,4,4,4,4,4,4,4,4,4,4,4,2,4,4,4,4,4,5,5,4,4,5,4,4,4,4,5,4,4.363636364,4,109
Pet,5,3,3,4,4,5,5,5,5,4,4,5,5,5,4,5,2,5,4,4.416666667,4.5,4.458333333,4,4,4,5,5,4,5,5,5,5,5,4.636363636,4,110
Pet,5,4,4,5,5,5,5,5,5,5,4,5,4,5,4,5,3,5,5,4.666666667,4.833333333,4.75,5,5,5,5,5,5,5,5,5,5,5,5,4,111
Pet,5,5,4,4,5,5,5,5,5,5,5,5,5,5,5,5,1,5,5,4.833333333,5,4.916666667,5,5,4,5,5,5,5,5,5,5,5,4.909090909,4,112
Pet,4,2,5,4,5,5,5,5,5,5,4,5,3,5,5,5,4,4,5,4.416666667,4.666666667,4.541666667,5,5,4,5,5,5,5,5,5,5,5,4.909090909,4,113
Pet,5,4,4,4,5,5,4,5,5,4,4,4,4,4,4,4,3,4,4,4.333333333,4.166666667,4.25,4,5,4,4,4,4,4,2,4,4,2,3.727272727,3,114
Pet,4,1,1,4,4,5,4,4,5,4,4,4,3,4,4,4,4,4,4,3.583333333,4,3.791666667,5,4,4,4,5,4,5,5,5,4,5,4.545454545,3,115
Pet,5,2,1,4,5,5,5,4,4,5,4,5,3,4,3,5,1,5,5,3.75,4.833333333,4.291666667,4,4,3,4,5,4,5,5,5,4,5,4.363636364,3,116
Pet,5,4,4,5,5,5,5,5,5,5,5,5,4,5,5,5,3,5,5,4.75,5,4.875,5,4,4,4,4,4,4,5,4,4,5,4.272727273,4,117
Pet,5,3,3,5,5,4,5,5,5,5,4,5,5,4,5,4,4,4,4,4.416666667,4.5,4.458333333,5,5,4,4,4,5,4,4,4,5,5,4.454545455,4,118
Pet,5,2,2,5,5,5,5,4,5,4,5,4,5,5,3,4,1,5,4,4.25,4.333333333,4.291666667,4,4,3,3,5,3,5,5,5,4,5,4.181818182,4,119
Pet,4,2,4,4,5,5,4,4,3,5,4,5,3,3,4,4,2,3,5,3.666666667,4.5,4.083333333,5,5,3,5,5,3,5,4,5,5,5,4.545454545,4,120
Pet,4,3,3,4,4,4,4,5,4,4,4,4,4,4,4,4,2,4,4,3.916666667,4,3.958333333,4,4,3,3,4,4,4,4,4,4,4,3.818181818,3,121
Pet,5,3,3,5,4,5,5,5,5,5,5,5,5,5,4,5,4,5,5,4.5,5,4.75,5,5,5,5,5,5,5,5,5,5,5,5,4,122
Pet,5,5,5,5,5,5,5,5,5,5,5,5,5,5,5,5,5,5,5,5,5,5,5,5,5,5,5,5,5,5,5,5,5,5,4,123
Pet,5,3,3,5,5,4,4,5,5,5,5,5,5,5,5,4,4,5,5,4.5,4.833333333,4.666666667,5,5,5,5,5,5,4,5,4,5,5,4.818181818,4,124
Pet,3,4,3,3,3,3,3,3,4,3,4,3,3,3,3,3,3,3,4,3.166666667,3.333333333,3.25,4,3,4,4,4,4,4,4,4,3,3,3.727272727,4,125
Pet,5,3,3,3,5,3,5,5,5,5,5,5,5,5,5,5,5,5,5,4.333333333,5,4.666666667,5,5,1,5,1,4,4,5,3,5,1,3.545454545,1,126
Pet,5,3,3,5,5,5,5,5,5,5,5,5,5,5,5,5,4,5,5,4.666666667,5,4.833333333,5,5,5,5,5,5,5,5,5,5,5,5,2,127
Pet,5,4,4,5,5,5,5,5,5,4,5,5,4,5,4,5,1,5,4,4.666666667,4.666666667,4.666666667,5,5,5,5,5,4,5,5,5,5,5,4.909090909,4,128
Pet,5,5,5,5,5,5,5,5,5,5,4,5,3,5,5,4,1,5,5,4.833333333,4.666666667,4.75,5,5,5,3,5,5,5,5,5,5,5,4.818181818,4,129
Pet,5,1,1,3,5,5,5,3,3,4,5,5,1,2,3,2,1,3,4,2.916666667,4.166666667,3.541666667,4,4,3,3,4,4,3,5,5,2,5,3.818181818,1,130
Pet,4,3,4,3,4,5,3,3,4,4,4,5,2,3,3,4,1,4,4,3.416666667,4.166666667,3.791666667,4,4,4,4,4,4,4,4,4,4,4,4,4,131
Pet,5,5,4,4,5,4,5,4,5,5,4,4,4,4,5,5,5,4,5,4.416666667,4.666666667,4.541666667,5,5,4,5,2,5,4,4,4,4,4,4.181818182,3,132
Pet,5,2,2,5,5,4,5,4,4,4,5,5,3,5,4,5,3,5,5,4,4.833333333,4.416666667,4,4,4,5,4,5,5,5,5,4,5,4.545454545,4,133
Pet,4,4,4,4,4,5,3,4,3,4,4,4,4,4,3,4,4,4,3,3.833333333,3.833333333,3.833333333,4,4,3,4,4,4,4,4,4,4,4,3.909090909,4,134
Pet,4,2,3,5,5,5,5,5,4,5,4,5,4,4,4,4,2,5,4,4.25,4.333333333,4.291666667,4,3,4,5,4,4,4,5,5,4,5,4.272727273,4,135
Pet,4,2,2,3,3,4,4,4,2,3,4,4,4,4,3,3,2,3,4,3.166666667,3.666666667,3.416666667,2,4,3,4,3,2,3,3,2,2,3,2.818181818,2,136
Pet,5,3,3,4,5,5,5,5,5,5,5,5,5,5,4,5,1,5,5,4.5,5,4.75,5,5,5,5,5,5,5,5,5,5,5,5,2,137
Pet,5,5,5,5,5,5,5,5,5,5,5,5,5,5,5,5,3,5,5,5,5,5,5,5,5,5,5,5,5,5,5,5,5,5,4,138
Pet,5,5,5,4,5,5,4,5,5,5,4,5,5,5,5,5,5,5,5,4.833333333,4.833333333,4.833333333,4,5,4,4,4,4,4,4,4,4,5,4.181818182,4,139
Pet,4,3,3,4,5,4,4,5,4,4,5,5,4,4,5,5,5,5,5,4.166666667,4.666666667,4.416666667,4,4,5,4,4,3,4,5,4,3,5,4.090909091,3,140
Pet,4,3,2,3,4,4,4,4,4,4,4,4,3,4,4,4,2,4,4,3.583333333,4,3.791666667,4,4,4,4,5,4,5,5,5,4,5,4.454545455,3,141
Pet,4,3,2,3,4,4,4,4,4,4,4,4,3,2,3,3,2,4,4,3.333333333,3.833333333,3.583333333,4,4,2,3,2,4,3,3,4,4,4,3.363636364,2,142
Pet,5,2,5,5,5,5,5,5,5,5,5,5,5,5,5,5,5,5,5,4.75,5,4.875,5,5,5,5,5,5,5,5,5,5,5,5,2,143
Pet,3,4,4,4,4,5,4,4,4,4,4,4,4,4,4,3,1,4,3,4.083333333,3.5,3.791666667,4,4,3,4,2,4,4,5,4,4,5,3.909090909,4,144
Pet,4,3,3,4,3,4,4,4,4,4,4,4,4,4,4,4,1,4,4,3.75,4,3.875,4,4,4,4,4,4,5,5,4,4,4,4.181818182,2,145
Pet,5,5,5,5,5,5,5,5,5,4,5,5,5,5,5,4,1,5,4,5,4.5,4.75,5,5,5,5,5,5,5,1,4,5,5,4.545454545,4,146
Pet,5,3,3,4,5,5,5,5,4,5,5,5,5,5,5,5,1,5,4,4.5,4.833333333,4.666666667,5,5,4,4,5,5,5,4,5,5,5,4.727272727,3,147
Pet,4,5,4,5,5,5,5,4,5,5,4,4,4,5,4,4,5,4,5,4.583333333,4.333333333,4.458333333,4,4,4,5,4,4,4,4,4,4,4,4.090909091,4,148
Pet,5,2,2,4,4,4,4,5,4,4,4,5,3,5,4,4,3,4,4,3.75,4.333333333,4.041666667,5,5,5,4,5,5,5,5,5,5,5,4.909090909,4,149
Pet,3,4,2,5,5,5,5,5,5,5,5,5,2,5,5,5,1,5,4,4.416666667,4.5,4.458333333,4,5,5,4,5,5,5,5,5,4,5,4.727272727,2,150
Pet,5,3,3,5,5,5,5,5,4,4,5,4,3,5,5,5,3,5,4,4.416666667,4.5,4.458333333,4,5,4,5,5,5,5,5,4,5,4,4.636363636,4,151
Pet,4,4,4,4,4,4,4,4,4,4,4,4,4,4,4,4,4,4,4,4,4,4,4,4,5,4,3,4,5,3,2,4,2,3.636363636,3,152
Pet,4,2,3,4,4,4,4,4,4,5,4,5,4,5,4,4,2,5,5,3.916666667,4.5,4.208333333,4,4,4,4,4,5,4,4,4,5,4,4.181818182,4,153
Pet,5,4,3,4,4,4,4,5,4,4,5,5,4,4,4,3,2,5,4,4.083333333,4.333333333,4.208333333,5,4,4,4,5,4,5,5,5,5,5,4.636363636,3,154
Pet,4,2,2,4,4,4,4,4,4,3,4,4,4,4,2,4,1,4,3,3.5,3.666666667,3.583333333,4,3,3,4,4,4,4,5,5,4,4,4,3,155
Pet,3,4,5,3,3,5,3,4,5,5,5,4,4,4,5,3,4,4,3,4.083333333,3.833333333,3.958333333,3,3,5,5,3,5,2,2,3,3,2,3.272727273,1,156
Pet,4,2,2,3,5,4,4,4,4,4,3,4,4,4,4,3,1,5,4,3.75,3.666666667,3.708333333,4,4,4,4,5,4,5,5,5,3,5,4.363636364,4,157
Pet,4,4,4,4,4,4,4,4,4,4,4,4,4,4,4,4,4,4,4,4,4,4,4,4,4,3,4,4,5,2,4,4,5,3.909090909,3,158
Pet,4,4,4,4,4,4,4,4,4,4,4,4,4,4,4,4,4,4,4,4,4,4,4,4,4,4,2,4,2,5,2,4,5,3.636363636,4,159
Pet,4,4,4,4,5,4,4,4,4,5,4,4,4,4,4,4,4,4,4,4.083333333,4.166666667,4.125,5,5,5,4,5,5,5,5,5,5,5,4.909090909,4,160
Pet,4,3,4,5,5,5,4,5,5,4,3,4,5,5,5,5,4,5,5,4.666666667,4.166666667,4.416666667,5,4,5,5,5,4,5,5,5,4,5,4.727272727,3,161
Pet,4,4,3,4,4,4,4,4,4,3,4,4,3,4,4,4,3,4,3,3.833333333,3.666666667,3.75,4,4,4,4,4,4,3,4,2,3,4,3.636363636,4,162
Pet,4,3,2,3,5,3,3,4,4,4,3,5,3,5,3,4,2,4,4,3.5,4,3.75,5,5,4,3,5,4,5,5,5,4,5,4.545454545,3,163
Pet,4,4,4,4,5,5,5,5,4,4,4,4,4,5,5,3,1,5,4,4.583333333,3.833333333,4.208333333,4,4,4,4,5,4,5,4,5,4,4,4.272727273,4,164
Pet,4,3,3,4,5,5,4,3,3,5,5,5,5,3,3,4,1,3,4,3.666666667,4.5,4.083333333,4,5,3,3,4,3,3,3,4,4,5,3.727272727,4,165
Pet,5,5,5,4,5,5,5,5,5,5,5,5,4,5,2,5,1,5,2,4.583333333,4.5,4.541666667,4,5,4,5,4,5,5,5,4,5,5,4.636363636,3,166
Pet,4,2,2,4,4,4,5,5,4,4,4,5,4,4,3,4,1,4,4,3.75,4.166666667,3.958333333,4,4,4,4,4,4,5,5,5,4,5,4.363636364,4,167
Pet,4,4,3,5,5,5,5,5,5,3,4,5,4,5,5,4,2,5,3,4.666666667,3.833333333,4.25,5,5,5,5,5,5,5,5,5,5,5,5,4,168
Pet,5,3,4,5,5,5,5,5,4,5,5,5,5,5,5,5,1,5,5,4.666666667,5,4.833333333,4,4,4,5,5,5,5,5,1,5,5,4.363636364,4,169
Pet,4,3,3,4,3,4,4,4,4,4,3,4,3,4,4,4,2,4,4,3.666666667,3.833333333,3.75,4,4,4,3,4,4,4,4,4,4,4,3.909090909,4,170
Pet,4,3,3,4,4,4,4,4,3,4,4,4,4,4,4,4,2,4,4,3.75,4,3.875,4,4,4,4,4,4,4,4,4,4,4,4,4,171
Pet,5,4,4,4,5,5,5,5,4,4,5,5,4,4,4,4,2,5,4,4.416666667,4.5,4.458333333,3,4,3,5,4,3,5,5,5,5,5,4.272727273,3,172
Pet,4,4,4,4,4,4,4,4,4,4,4,4,3,4,4,4,2,4,4,3.916666667,4,3.958333333,3,2,3,3,4,3,4,4,4,3,4,3.363636364,4,173
Pet,4,4,4,4,5,4,4,4,4,4,4,4,4,4,4,2,2,4,4,4.083333333,3.666666667,3.875,4,5,4,4,5,4,5,2,2,4,5,4,3,174
Pet,5,5,5,5,5,5,5,5,5,5,5,5,5,5,5,5,5,5,5,5,5,5,5,5,5,5,5,5,5,5,5,5,5,5,4,175
Pet,4,2,3,4,4,4,4,4,4,2,4,4,3,4,4,3,1,4,4,3.666666667,3.5,3.583333333,5,4,3,3,5,4,4,4,5,4,5,4.181818182,2,176
Pet,4,2,4,4,5,5,5,4,5,5,4,5,5,5,4,4,2,5,5,4.416666667,4.5,4.458333333,4,5,5,5,5,5,2,5,5,5,4,4.545454545,1,177
Pet,3,1,1,2,2,3,3,3,2,4,3,4,2,2,1,2,1,3,2,2.083333333,3,2.541666667,1,2,2,4,2,1,5,4,5,3,5,3.090909091,1,178
Pet,5,5,5,5,5,5,5,5,5,5,5,5,5,5,5,5,5,5,5,5,5,5,5,5,5,5,5,5,5,5,5,5,5,5,2,179
Pet,4,1,3,5,5,4,4,4,5,5,4,5,4,4,4,4,1,5,4,4,4.333333333,4.166666667,4,4,4,4,4,4,4,3,5,5,4,4.090909091,4,180
Pet,4,3,1,5,5,5,5,5,5,1,1,5,4,5,5,5,1,5,5,4.416666667,3.5,3.958333333,5,3,4,5,5,4,5,5,5,3,5,4.454545455,2,181
Pet,5,4,4,5,5,5,5,5,5,5,5,5,5,4,4,5,3,5,5,4.666666667,5,4.833333333,5,5,5,5,5,4,5,5,5,5,5,4.909090909,4,182
Pet,5,5,5,5,5,5,5,5,5,5,5,5,5,5,5,5,5,5,5,5,5,5,5,5,5,5,5,5,5,5,5,5,1,4.636363636,4,183
Pet,4,3,3,3,4,4,4,4,3,4,4,4,4,4,3,5,2,4,4,3.583333333,4.166666667,3.875,3,5,3,4,3,3,5,4,5,3,5,3.909090909,4,184
Pet,4,4,4,4,5,5,4,5,5,4,4,4,4,5,4,4,3,5,4,4.5,4,4.25,4,4,4,4,4,5,4,4,5,5,5,4.363636364,4,185
Pet,5,2,3,5,5,5,5,5,5,5,4,5,4,5,4,4,2,5,5,4.416666667,4.666666667,4.541666667,4,5,4,4,5,5,5,5,5,5,5,4.727272727,4,186
Pet,4,2,2,3,5,4,4,4,4,4,4,4,3,4,3,4,1,4,4,3.5,4,3.75,4,4,3,3,4,4,4,4,4,4,4,3.818181818,2,187
Pet,5,4,3,5,5,5,4,5,5,5,5,5,5,5,5,4,3,5,4,4.666666667,4.666666667,4.666666667,5,4,4,5,5,5,5,5,5,5,5,4.818181818,4,188
Pet,3,2,2,4,4,4,4,5,5,4,3,4,3,4,3,4,2,4,4,3.666666667,3.666666667,3.666666667,5,4,4,4,4,5,5,4,4,4,4,4.272727273,4,189
Pet,5,2,2,4,5,5,5,5,3,4,5,5,5,3,4,5,1,3,5,3.833333333,4.833333333,4.333333333,4,4,3,3,4,4,4,4,4,4,2,3.636363636,3,190
Pet,5,2,4,5,5,5,5,5,5,5,5,5,4,5,5,5,4,5,5,4.583333333,5,4.791666667,5,5,3,4,5,3,5,5,5,5,5,4.545454545,4,191
Pet,5,5,5,5,5,5,5,5,5,5,5,5,5,5,5,4,3,5,5,5,4.833333333,4.916666667,5,5,5,5,5,5,5,5,5,5,5,5,4,192
Pet,4,3,3,4,5,5,4,4,4,4,4,4,4,4,4,4,2,5,4,4.083333333,4,4.041666667,4,4,3,4,4,4,4,3,4,5,5,4,4,193
Pet,5,5,5,5,5,5,5,5,5,5,5,5,5,5,5,5,5,5,5,5,5,5,5,5,5,5,5,5,5,5,5,5,5,5,4,194
Pet,5,5,4,5,5,4,4,4,4,5,4,4,4,4,4,5,5,5,5,4.333333333,4.666666667,4.5,5,5,5,5,1,4,4,4,5,5,4,4.272727273,3,195
Pet,5,4,4,4,4,4,4,4,5,4,5,5,4,4,4,4,5,5,5,4.166666667,4.666666667,4.416666667,5,4,5,4,1,4,2,1,1,4,1,2.909090909,4,196
Pet,3,3,3,4,4,5,4,5,4,4,4,4,4,4,4,4,3,4,5,4,4,4,4,4,3,4,3,4,4,4,4,4,4,3.818181818,4,197
Pet,4,4,3,4,5,5,5,5,3,5,4,5,4,4,4,5,2,4,4,4.166666667,4.5,4.333333333,4,4,3,5,3,4,4,4,5,5,5,4.181818182,1,198
Pet,4,2,2,3,3,3,3,2,2,4,3,3,4,2,2,2,1,3,2,2.583333333,3,2.791666667,1,2,3,4,2,2,3,3,2,4,5,2.818181818,4,199
Pet,5,5,5,5,5,5,5,5,5,5,5,5,5,5,5,5,2,5,5,5,5,5,5,5,5,5,5,5,5,5,5,5,5,5,4,200
Pet,4,5,4,5,3,5,5,4,4,4,3,5,4,3,4,3,1,2,1,4,3.333333333,3.666666667,4,4,5,3,1,4,5,3,2,4,3,3.454545455,2,201
Conversation,4,5,5,4,4,4,5,5,5,4,5,5,5,5,5,4,4,5,5,4.75,4.5,4.625,5,5,4,5,5,4,5,5,5,4,5,4.727272727,4,1
Conversation,5,5,5,5,5,5,5,5,5,5,5,5,5,5,5,5,5,5,5,5,5,5,5,5,5,5,5,5,5,5,5,5,1,4.636363636,3,2
Conversation,2,2,2,4,2,3,4,4,4,2,4,2,4,3,4,4,1,4,2,3.333333333,2.666666667,3,3,3,4,4,4,4,5,5,5,2,5,4,3,3
Conversation,4,2,3,2,2,1,4,2,2,2,4,4,5,3,1,5,1,4,3,2.583333333,3.666666667,3.125,3,3,1,4,4,2,4,3,4,4,5,3.363636364,2,4
Conversation,4,3,3,4,4,3,4,4,4,3,4,4,4,4,2,4,4,4,4,3.583333333,3.833333333,3.708333333,4,3,4,4,3,4,4,4,4,4,5,3.909090909,4,5
Conversation,4,3,3,3,2,3,4,4,4,4,4,4,4,3,2,4,1,3,2,3.166666667,3.666666667,3.416666667,2,3,3,4,4,2,4,3,4,2,4,3.181818182,2,6
Conversation,4,3,3,3,4,3,3,4,3,3,4,4,4,3,3,3,3,4,4,3.333333333,3.666666667,3.5,4,4,4,4,4,4,4,4,4,3,4,3.909090909,3,7
Conversation,4,3,2,3,4,4,4,4,4,3,5,5,4,3,2,4,3,4,4,3.416666667,4.166666667,3.791666667,4,4,4,4,4,2,2,4,4,5,5,3.818181818,3,8
Conversation,4,3,4,4,4,3,4,4,4,3,4,4,4,4,3,4,2,4,4,3.75,3.833333333,3.791666667,4,4,4,4,3,4,2,4,3,4,4,3.636363636,2,9
Conversation,4,2,2,3,2,3,4,4,2,2,4,4,4,3,2,4,2,4,2,2.916666667,3.333333333,3.125,3,4,3,4,3,3,3,4,4,4,4,3.545454545,3,10
Conversation,4,4,4,2,3,4,4,4,4,4,4,4,4,4,4,4,2,4,2,3.75,3.666666667,3.708333333,3,4,3,4,5,4,5,2,5,4,5,4,3,11
Conversation,5,4,4,4,5,5,4,4,4,4,5,5,4,4,4,4,4,5,3,4.25,4.333333333,4.291666667,5,4,5,5,2,5,3,4,3,4,5,4.090909091,4,12
Conversation,4,2,3,3,3,4,4,3,2,2,4,4,4,3,3,4,2,4,3,3.166666667,3.5,3.333333333,4,4,3,4,4,4,4,4,4,4,5,4,2,13
Conversation,5,5,5,4,4,4,5,5,4,4,5,5,5,4,4,5,4,5,5,4.5,4.833333333,4.666666667,4,5,3,5,4,3,4,2,5,4,4,3.909090909,3,14
Conversation,4,3,4,4,3,4,4,3,4,3,3,4,3,4,4,4,4,3,4,3.583333333,3.666666667,3.625,4,4,3,4,3,4,2,4,3,3,4,3.454545455,1,15
Conversation,3,3,3,4,3,4,4,4,4,3,4,3,3,4,3,3,4,3,3,3.5,3.166666667,3.333333333,3,3,3,3,3,3,3,3,3,3,3,3,2,16
Conversation,3,2,3,2,2,2,3,2,3,2,2,2,2,2,4,3,3,2,2,2.416666667,2.333333333,2.375,2,2,2,3,4,2,3,3,4,3,4,2.909090909,3,17
Conversation,4,4,4,3,2,3,3,4,4,4,4,4,4,3,3,4,3,4,2,3.416666667,3.666666667,3.541666667,4,4,3,4,5,3,5,5,5,4,5,4.272727273,3,18
Conversation,4,4,4,4,3,4,5,5,4,4,4,4,5,4,4,5,3,4,4,4.166666667,4.166666667,4.166666667,3,5,3,5,5,3,5,4,5,4,5,4.272727273,3,19
Conversation,4,4,3,3,2,3,4,4,3,4,3,4,4,3,4,3,3,4,3,3.416666667,3.5,3.458333333,3,3,3,4,3,4,5,4,4,4,3,3.636363636,3,20
Conversation,5,4,4,4,4,4,5,4,4,4,5,4,5,4,4,5,2,4,5,4.166666667,4.666666667,4.416666667,4,5,4,5,4,4,4,4,4,4,4,4.181818182,4,21
Conversation,4,2,2,2,2,2,3,4,4,4,4,4,3,2,4,4,2,3,2,2.75,3.666666667,3.208333333,4,4,2,3,4,2,3,2,4,4,4,3.272727273,3,22
Conversation,5,3,4,4,4,4,4,4,4,5,4,4,4,3,3,5,2,4,4,3.75,4.5,4.125,4,4,3,4,4,4,3,5,5,4,5,4.090909091,4,23
Conversation,5,1,1,2,3,4,4,4,2,2,4,4,4,3,2,4,2,4,2,2.833333333,3.5,3.166666667,3,4,2,4,3,4,2,3,4,4,5,3.454545455,2,24
Conversation,4,3,3,4,4,4,4,4,4,4,4,4,4,4,4,4,2,4,4,3.833333333,4,3.916666667,4,4,3,4,4,4,4,4,4,4,5,4,3,25
Conversation,4,2,2,2,2,2,4,4,2,4,2,3,4,2,2,4,2,4,4,2.666666667,3.5,3.083333333,3,2,4,4,3,3,4,4,4,4,4,3.545454545,2,26
Conversation,4,3,4,4,3,4,4,4,4,4,4,4,4,4,3,4,4,4,4,3.75,4,3.875,3,3,4,4,3,5,4,4,4,2,4,3.636363636,4,27
Conversation,4,4,4,4,3,3,3,4,4,4,4,4,4,3,3,5,4,4,4,3.583333333,4.166666667,3.875,4,4,3,4,4,4,2,4,4,4,4,3.727272727,3,28
Conversation,4,3,4,3,3,3,4,4,4,3,4,4,4,3,3,4,2,4,2,3.5,3.5,3.5,3,4,3,4,3,2,3,3,3,3,3,3.090909091,3,29
Conversation,4,4,4,4,4,4,4,4,4,5,4,4,4,4,2,5,4,4,4,3.833333333,4.333333333,4.083333333,4,5,4,5,5,5,5,5,3,4,5,4.545454545,3,30
Conversation,5,2,2,3,3,3,4,4,4,4,4,4,4,4,3,4,2,3,2,3.25,3.833333333,3.541666667,4,5,3,5,5,3,4,4,5,4,4,4.181818182,3,31
Conversation,4,3,4,2,2,2,3,2,2,4,4,4,4,3,2,5,2,4,2,2.75,3.833333333,3.291666667,4,4,2,4,3,2,2,1,4,4,4,3.090909091,3,32
Conversation,1,1,1,1,1,1,1,1,1,1,1,3,1,1,1,3,2,4,2,1.25,1.833333333,1.541666667,1,4,1,4,2,1,2,1,5,1,2,2.181818182,2,33
Conversation,4,1,1,2,1,1,4,4,3,1,4,4,4,3,3,4,1,5,1,2.666666667,3,2.833333333,2,4,1,5,5,2,2,4,2,5,5,3.363636364,2,34
Conversation,4,3,1,1,3,2,4,3,2,3,4,4,4,2,1,4,2,4,2,2.5,3.5,3,1,2,1,5,1,1,2,1,2,3,4,2.090909091,1,35
Conversation,5,3,5,4,3,3,4,5,5,2,5,5,4,5,5,5,4,4,4,4.166666667,4.333333333,4.25,4,4,4,4,5,4,4,4,4,4,4,4.090909091,3,36
Conversation,4,2,4,4,2,2,4,4,4,2,4,4,4,4,4,4,3,4,4,3.5,3.666666667,3.583333333,4,4,4,4,4,4,4,5,2,3,5,3.909090909,3,37
Conversation,4,2,2,1,2,1,3,2,2,2,4,3,4,3,2,3,3,4,2,2.333333333,3,2.666666667,2,3,2,4,2,1,2,2,4,2,3,2.454545455,1,38
Conversation,5,2,3,3,2,3,4,4,4,3,4,4,4,3,3,4,1,4,2,3.25,3.666666667,3.458333333,4,4,3,4,4,3,3,4,4,4,5,3.818181818,3,39
Conversation,4,2,2,2,2,2,3,3,3,4,4,4,4,3,2,4,3,4,2,2.666666667,3.666666667,3.166666667,3,4,3,4,3,2,4,3,4,2,4,3.272727273,3,40
Conversation,5,1,1,2,1,1,4,4,4,4,5,4,5,3,1,5,4,4,1,2.583333333,4,3.291666667,3,5,2,5,3,2,4,2,5,4,5,3.636363636,2,41
Conversation,5,3,3,3,3,3,4,3,4,3,5,4,4,3,2,4,5,3,4,3.166666667,4.166666667,3.666666667,3,2,3,5,3,3,4,5,2,3,5,3.454545455,2,42
Conversation,4,1,2,3,2,2,3,3,3,4,4,4,4,4,2,4,4,4,4,2.75,4,3.375,3,4,3,4,1,3,4,3,4,3,5,3.363636364,3,43
Conversation,4,4,4,4,3,4,4,5,4,4,4,5,5,4,4,5,3,4,3,4.083333333,4.166666667,4.125,4,4,4,5,5,4,5,5,5,4,5,4.545454545,3,44
Conversation,5,3,4,4,4,4,4,5,4,4,4,4,5,5,4,5,4,5,4,4.25,4.333333333,4.291666667,5,5,4,5,4,4,5,4,4,4,4,4.363636364,4,45
Conversation,4,3,3,4,4,4,4,4,4,4,4,4,4,4,4,4,3,4,4,3.833333333,4,3.916666667,4,4,4,4,4,4,4,4,4,4,4,4,3,46
Conversation,4,3,4,4,2,2,3,4,4,4,3,4,4,3,4,4,4,4,3,3.416666667,3.666666667,3.541666667,4,4,4,5,4,4,4,4,4,4,4,4.090909091,3,47
Conversation,4,2,2,4,3,2,4,5,2,4,4,4,5,2,4,5,4,3,5,3.166666667,4.333333333,3.75,3,2,4,5,3,2,2,2,3,3,4,3,3,48
Conversation,3,2,3,2,2,3,4,4,2,2,3,4,4,3,3,4,2,3,2,2.916666667,3,2.958333333,3,4,2,4,3,2,4,2,4,4,4,3.272727273,3,49
Conversation,3,1,1,1,1,2,3,2,1,2,2,4,3,3,1,4,1,3,1,1.833333333,2.666666667,2.25,3,3,1,3,3,1,2,1,3,4,2,2.363636364,2,50
Conversation,5,3,3,5,4,5,5,5,5,3,5,5,4,4,4,4,4,5,5,4.333333333,4.5,4.416666667,5,5,5,5,5,5,5,4,5,4,4,4.727272727,3,51
Conversation,4,4,3,2,2,3,3,3,3,4,4,4,3,4,2,4,4,4,4,3,4,3.5,4,4,2,5,4,4,2,4,4,5,4,3.818181818,4,52
Conversation,4,2,3,2,3,2,4,3,2,4,4,4,3,3,2,4,2,4,4,2.75,4,3.375,3,5,3,4,3,3,4,4,4,4,5,3.818181818,2,53
Conversation,4,2,2,2,4,4,4,4,2,4,4,4,3,4,3,4,2,4,1,3.166666667,3.5,3.333333333,4,4,3,4,4,4,4,3,5,4,4,3.909090909,3,54
Conversation,4,2,3,3,2,3,4,3,3,4,4,4,3,3,3,4,4,4,3,3,3.833333333,3.416666667,3,4,2,3,3,3,4,4,4,4,4,3.454545455,4,55
Conversation,4,2,2,2,3,4,4,3,2,4,5,4,5,3,3,2,3,4,4,3.083333333,3.833333333,3.458333333,2,4,2,3,2,2,3,3,3,2,3,2.636363636,2,56
Conversation,5,3,3,5,4,5,5,5,5,5,4,5,5,5,5,5,1,5,5,4.583333333,4.833333333,4.708333333,5,5,5,5,5,5,5,5,5,5,5,5,2,57
Conversation,3,1,1,3,2,2,3,2,3,3,3,3,3,3,1,3,1,3,3,2.25,3,2.625,4,3,3,3,2,3,3,3,2,2,3,2.818181818,2,58
Conversation,4,4,4,4,4,4,4,4,3,1,3,4,4,4,4,4,3,4,4,3.916666667,3.333333333,3.625,4,4,4,4,4,2,4,4,4,4,4,3.818181818,4,59
Conversation,4,3,3,4,3,3,4,4,4,4,4,4,4,4,4,4,4,4,4,3.666666667,4,3.833333333,4,4,4,4,4,4,4,4,4,4,4,4,4,60
Conversation,5,4,4,4,4,4,4,4,4,4,3,4,4,4,4,4,3,4,4,4,4,4,4,4,4,5,4,4,4,3,4,4,2,3.818181818,3,61
Conversation,4,2,2,2,2,2,4,4,3,3,3,4,3,2,2,4,1,3,2,2.583333333,3.333333333,2.958333333,3,3,3,4,3,2,3,4,3,2,4,3.090909091,3,62
Conversation,4,4,4,3,3,4,4,4,4,4,4,5,4,4,3,5,4,4,4,3.75,4.333333333,4.041666667,3,4,4,5,3,3,4,5,4,4,4,3.909090909,2,63
Conversation,4,3,4,2,3,5,4,4,4,3,4,5,5,4,3,5,3,5,3,3.833333333,4,3.916666667,4,5,4,5,2,3,3,1,3,4,3,3.363636364,4,64
Conversation,3,3,3,4,4,4,4,4,3,4,2,4,4,3,3,4,3,4,2,3.583333333,3.166666667,3.375,3,4,3,5,3,2,1,4,4,4,5,3.454545455,2,65
Conversation,4,2,2,4,2,2,4,4,3,4,4,4,4,4,3,4,4,4,4,3.166666667,4,3.583333333,3,4,4,4,4,4,4,4,4,3,4,3.818181818,4,66
Conversation,5,4,4,4,3,4,4,4,4,4,5,5,4,3,4,4,5,4,4,3.833333333,4.5,4.166666667,4,4,5,4,4,4,4,5,4,4,5,4.272727273,4,67
Conversation,5,5,5,4,3,4,4,4,4,4,4,5,4,3,4,5,5,5,5,4.083333333,4.666666667,4.375,4,5,3,5,4,4,4,4,5,4,4,4.181818182,4,68
Conversation,4,2,2,2,2,2,4,3,2,4,4,4,4,2,2,4,2,3,4,2.5,4,3.25,3,4,2,4,3,4,4,4,4,4,4,3.636363636,3,69
Conversation,5,4,4,4,4,4,4,5,4,4,4,5,5,4,4,4,2,4,4,4.166666667,4.333333333,4.25,4,4,3,4,5,4,4,4,4,4,4,4,3,70
Conversation,4,3,3,2,4,4,4,4,4,4,4,4,4,4,4,4,2,4,4,3.666666667,4,3.833333333,4,4,2,4,4,2,4,2,4,4,4,3.454545455,3,71
Conversation,5,5,5,5,5,5,5,5,5,5,5,5,5,5,5,5,5,5,5,5,5,5,1,5,5,5,5,5,5,5,5,5,5,4.636363636,4,72
Conversation,4,4,2,4,3,2,4,4,3,2,4,4,4,3,2,4,3,4,4,3.25,3.666666667,3.458333333,3,3,3,4,3,3,3,2,3,3,4,3.090909091,2,73
Conversation,4,2,3,2,2,3,4,4,4,4,4,5,4,3,3,4,3,4,4,3.166666667,4.166666667,3.666666667,4,5,3,5,4,3,3,4,4,4,4,3.909090909,3,74
Conversation,4,4,3,3,1,3,4,3,2,3,4,4,4,3,2,4,2,4,3,3,3.666666667,3.333333333,3,4,3,4,4,3,3,3,2,2,2,3,3,75
Conversation,5,4,2,4,4,4,4,4,2,4,5,5,5,4,2,5,5,4,4,3.583333333,4.666666667,4.125,4,4,3,5,5,4,4,5,4,5,5,4.363636364,3,76
Conversation,4,4,5,3,2,4,5,5,5,4,4,4,4,4,4,5,2,4,1,4.083333333,3.666666667,3.875,4,5,4,4,5,4,4,5,5,4,5,4.454545455,3,77
Conversation,5,5,5,5,5,5,5,5,5,5,5,5,5,5,5,5,5,5,5,5,5,5,5,5,5,5,5,5,5,5,5,5,5,5,4,78
Conversation,4,2,2,4,2,2,4,4,3,4,4,4,4,3,4,4,2,4,4,3.166666667,4,3.583333333,4,4,3,5,4,4,4,3,4,5,5,4.090909091,3,79
Conversation,4,2,2,2,3,4,4,4,3,2,4,4,4,3,2,3,1,4,2,3.083333333,3.166666667,3.125,2,4,2,5,3,2,3,2,2,4,4,3,2,80
Conversation,3,3,3,3,3,3,3,3,3,3,3,4,3,3,3,4,2,4,4,3.083333333,3.5,3.291666667,3,3,3,4,3,3,3,3,3,4,3,3.181818182,3,81
Conversation,5,3,3,2,2,2,4,3,3,4,4,4,5,3,3,5,5,4,4,3.083333333,4.333333333,3.708333333,3,4,3,5,4,3,5,3,5,4,4,3.909090909,4,82
Conversation,5,3,3,5,3,5,5,5,5,5,5,5,5,5,5,5,5,5,5,4.5,5,4.75,5,5,5,5,5,5,5,5,5,5,5,5,2,83
Conversation,3,3,3,4,4,3,4,4,4,4,4,4,4,4,4,4,4,4,4,3.75,3.833333333,3.791666667,4,4,4,4,4,4,4,4,4,4,5,4.090909091,3,84
Conversation,5,2,1,2,3,3,4,4,2,4,2,4,3,3,1,4,1,4,3,2.666666667,3.666666667,3.166666667,2,3,3,4,4,2,4,4,4,2,4,3.272727273,3,85
Conversation,4,4,4,4,4,4,4,4,4,4,4,4,4,4,4,4,2,4,4,4,4,4,4,4,4,5,5,5,5,5,5,4,5,4.636363636,3,86
Conversation,4,2,3,3,3,3,4,4,4,3,3,4,3,4,4,4,3,4,3,3.416666667,3.5,3.458333333,3,4,3,4,4,4,3,3,4,3,4,3.545454545,2,87
Conversation,5,5,5,5,5,5,5,5,5,5,5,5,5,5,5,5,5,5,5,5,5,5,5,5,5,5,5,5,5,5,5,5,5,5,2,88
Conversation,4,4,4,4,4,4,4,4,3,4,4,4,4,3,3,4,2,4,4,3.75,4,3.875,3,4,4,4,4,3,4,4,4,4,4,3.818181818,4,89
Conversation,5,3,3,4,4,4,4,4,4,5,5,5,5,4,4,5,4,5,5,4,5,4.5,4,4,4,5,4,4,5,5,5,5,5,4.545454545,4,90
Conversation,4,3,4,3,2,4,4,3,5,4,5,5,4,3,3,5,3,4,4,3.5,4.5,4,3,4,4,5,4,3,5,2,5,5,4,4,2,91
Conversation,4,3,3,4,4,4,4,4,4,5,4,4,3,4,4,4,4,4,5,3.75,4.333333333,4.041666667,4,4,4,4,4,4,4,4,4,4,4,4,4,92
Conversation,4,3,3,3,3,3,4,4,3,3,3,4,4,4,3,4,2,4,2,3.416666667,3.333333333,3.375,3,4,2,5,4,3,3,4,4,3,4,3.545454545,3,93
Conversation,4,1,1,1,2,1,1,2,3,1,4,4,1,2,2,4,2,4,4,1.75,3.5,2.625,2,1,1,4,3,2,4,2,4,3,4,2.727272727,3,94
Conversation,5,3,3,4,3,3,4,4,4,5,5,5,5,4,4,5,4,5,4,3.833333333,4.833333333,4.333333333,4,5,3,5,4,4,4,3,4,4,4,4,3,95
Conversation,5,2,4,3,4,4,4,4,4,4,5,4,4,4,4,4,4,4,4,3.75,4.333333333,4.041666667,4,5,4,5,4,4,5,4,4,4,4,4.272727273,3,96
Conversation,5,3,2,3,5,4,5,5,5,4,5,5,5,4,5,5,2,5,4,4.25,4.666666667,4.458333333,4,4,4,5,4,4,4,2,5,4,4,4,3,97
Conversation,3,3,3,2,3,3,4,4,2,4,4,3,5,3,2,2,3,5,2,3.25,3,3.125,3,3,3,4,4,4,3,4,5,4,5,3.818181818,4,98
Conversation,5,4,5,4,4,4,5,5,5,4,4,5,4,5,5,4,4,5,4,4.583333333,4.333333333,4.458333333,4,4,5,5,5,5,5,5,5,4,5,4.727272727,3,99
Conversation,5,2,2,4,3,3,5,4,4,4,4,5,5,4,4,4,5,4,4,3.666666667,4.333333333,4,4,5,4,5,5,5,4,5,2,4,5,4.363636364,3,100
Conversation,3,2,3,2,2,2,3,3,2,4,4,4,3,3,3,3,2,3,2,2.583333333,3.333333333,2.958333333,2,3,2,4,3,2,2,2,4,3,4,2.818181818,3,101
Conversation,4,3,4,4,3,4,4,5,4,4,4,5,4,4,4,4,4,5,4,4,4.166666667,4.083333333,4,4,4,4,4,4,4,4,4,4,4,4,4,102
Conversation,2,2,2,2,2,2,2,2,2,2,3,2,2,2,2,2,1,2,2,2,2.166666667,2.083333333,3,4,1,3,3,1,2,4,3,4,2,2.727272727,3,103
Conversation,4,3,3,3,2,2,3,3,4,4,5,4,4,3,2,4,2,4,4,3,4.166666667,3.583333333,2,4,3,4,3,3,2,2,4,4,4,3.181818182,1,104
Conversation,4,2,3,2,2,2,3,3,3,4,4,4,4,3,2,4,3,3,3,2.666666667,3.833333333,3.25,2,3,2,4,2,3,2,3,3,4,4,2.909090909,3,105
Conversation,5,3,3,3,4,3,4,3,3,5,5,5,3,3,3,4,1,3,4,3.166666667,4.666666667,3.916666667,3,3,3,3,5,3,3,4,5,5,5,3.818181818,4,106
Conversation,4,3,4,4,4,4,4,4,4,2,4,4,4,4,4,4,4,4,2,3.916666667,3.333333333,3.625,4,4,3,4,4,3,4,4,4,4,4,3.818181818,2,107
Conversation,4,2,3,4,4,4,4,4,4,4,4,4,4,2,3,4,2,4,4,3.5,4,3.75,4,4,3,4,4,4,4,4,4,4,4,3.909090909,4,108
Conversation,4,4,4,4,4,4,4,4,4,4,4,4,4,4,4,4,3,4,4,4,4,4,4,4,4,4,4,4,4,4,4,4,4,4,3,109
Conversation,4,3,3,3,2,3,4,4,4,4,4,4,4,3,3,5,4,4,4,3.333333333,4.166666667,3.75,4,4,3,5,4,3,4,3,4,3,4,3.727272727,3,110
Conversation,5,3,4,2,4,2,4,4,4,4,5,4,4,4,3,4,4,5,4,3.583333333,4.333333333,3.958333333,4,4,2,4,4,2,3,2,4,4,4,3.363636364,3,111
Conversation,4,3,2,3,1,1,5,4,2,3,4,4,4,3,2,4,1,3,4,2.75,3.833333333,3.291666667,2,3,3,4,1,2,5,5,3,1,5,3.090909091,3,112
Conversation,5,2,2,4,3,4,3,3,4,4,5,4,2,3,4,4,4,4,4,3.166666667,4.333333333,3.75,5,5,5,4,4,5,5,5,5,4,5,4.727272727,2,113
Conversation,5,4,4,4,4,4,5,4,4,4,5,4,5,4,3,5,5,4,4,4.083333333,4.5,4.291666667,4,4,4,5,4,4,4,4,4,4,5,4.181818182,4,114
Conversation,4,1,1,3,3,4,4,3,4,4,4,5,3,3,3,5,4,4,4,3,4.333333333,3.666666667,4,4,3,4,5,4,5,5,5,4,5,4.363636364,4,115
Conversation,5,2,2,3,2,3,4,4,4,3,5,4,3,3,4,4,2,5,3,3.25,4,3.625,3,4,3,5,4,3,5,4,5,3,5,4,4,116
Conversation,4,2,1,3,2,2,4,4,2,4,4,5,4,3,3,4,4,4,2,2.833333333,3.833333333,3.333333333,3,3,2,4,2,2,2,2,3,4,4,2.818181818,3,117
Conversation,5,4,4,5,5,5,5,5,5,5,5,5,5,5,5,5,5,5,5,4.833333333,5,4.916666667,5,5,4,5,4,4,5,5,4,4,5,4.545454545,3,118
Conversation,5,2,3,3,2,3,4,4,3,4,5,5,4,3,3,5,2,5,5,3.25,4.833333333,4.041666667,3,3,3,5,5,3,5,4,5,3,5,4,2,119
Conversation,4,3,3,2,3,4,3,4,3,5,5,4,4,3,2,4,2,4,2,3.166666667,4,3.583333333,4,4,2,4,3,3,3,1,4,5,5,3.454545455,3,120
Conversation,4,3,4,4,2,4,4,4,4,4,4,4,4,4,4,4,3,4,4,3.75,4,3.875,4,4,4,4,2,4,4,4,4,4,4,3.818181818,4,121
Conversation,5,3,3,5,4,5,4,5,5,5,5,5,5,4,5,5,5,5,5,4.416666667,5,4.708333333,5,5,5,5,5,5,5,5,5,5,5,5,3,122
Conversation,3,2,2,3,2,2,3,4,3,4,4,4,3,3,3,3,2,4,3,2.833333333,3.5,3.166666667,2,3,3,5,1,2,4,5,5,3,5,3.454545455,3,123
Conversation,5,3,3,5,5,4,4,5,4,5,4,5,5,4,5,5,4,5,4,4.333333333,4.666666667,4.5,5,5,5,5,5,5,5,5,5,4,5,4.909090909,3,124
Conversation,4,3,4,4,3,3,4,4,3,4,4,3,3,4,3,3,4,3,4,3.416666667,3.666666667,3.541666667,4,3,3,4,3,3,3,4,4,3,3,3.363636364,3,125
Conversation,5,2,4,4,5,4,5,4,5,5,5,5,5,5,4,5,5,5,5,4.333333333,5,4.666666667,5,5,4,5,1,4,3,5,3,4,5,4,4,126
Conversation,5,3,3,5,5,5,5,5,5,5,5,5,5,5,5,5,5,5,5,4.666666667,5,4.833333333,5,5,5,5,5,5,5,5,5,5,5,5,4,127
Conversation,5,2,2,4,2,2,4,4,4,4,5,5,5,4,3,5,4,5,4,3.416666667,4.666666667,4.041666667,4,5,3,5,4,4,5,4,4,5,5,4.363636364,3,128
Conversation,5,4,4,5,2,4,4,4,4,4,5,5,4,4,4,4,4,4,5,3.916666667,4.666666667,4.291666667,5,5,4,5,5,4,5,5,5,4,5,4.727272727,3,129
Conversation,4,1,1,3,2,3,4,4,3,4,4,4,3,2,3,4,1,4,4,2.75,4,3.375,4,4,3,4,4,4,3,5,5,5,4,4.090909091,3,130
Conversation,4,2,3,3,2,2,3,4,3,4,4,4,3,2,2,2,2,4,4,2.75,3.666666667,3.208333333,4,4,4,4,4,3,4,4,4,4,4,3.909090909,3,131
Conversation,4,5,5,5,5,5,5,5,5,5,5,5,5,5,5,5,5,5,5,5,4.833333333,4.916666667,5,5,4,5,4,5,5,4,2,5,4,4.363636364,4,132
Conversation,4,3,3,4,4,4,5,5,4,4,4,5,5,4,4,5,4,5,5,4.166666667,4.5,4.333333333,4,4,4,5,4,5,5,5,5,4,5,4.545454545,3,133
Conversation,4,4,4,4,5,4,4,4,4,5,4,5,4,3,4,4,4,4,4,4,4.333333333,4.166666667,4,4,4,4,3,4,4,4,2,3,4,3.636363636,3,134
Conversation,5,2,2,2,2,2,5,5,3,4,5,4,5,4,2,5,3,5,4,3.25,4.5,3.875,2,5,2,5,2,3,4,4,3,4,5,3.545454545,3,135
Conversation,4,2,2,2,3,4,3,3,3,3,4,4,4,2,2,4,3,4,3,2.833333333,3.666666667,3.25,2,4,2,3,3,3,3,3,3,2,4,2.909090909,3,136
Conversation,2,4,4,3,2,2,4,2,5,5,4,5,5,3,4,4,4,5,4,3.583333333,4,3.791666667,4,5,2,4,5,3,3,3,5,4,5,3.909090909,3,137
Conversation,5,2,3,5,5,5,5,5,5,5,5,5,5,5,4,5,3,5,5,4.5,5,4.75,5,5,5,5,5,4,5,5,5,5,5,4.909090909,3,138
Conversation,5,4,4,4,3,5,4,4,4,4,4,5,4,4,4,5,5,5,4,4.083333333,4.5,4.291666667,4,4,4,5,4,4,4,4,4,4,4,4.090909091,3,139
Conversation,5,3,4,4,5,4,5,5,5,4,4,4,4,4,5,5,4,5,5,4.416666667,4.5,4.458333333,4,4,5,4,4,3,4,4,3,4,4,3.909090909,4,140
Conversation,4,2,2,3,3,3,4,5,4,4,4,4,4,4,4,5,4,4,4,3.5,4.166666667,3.833333333,4,4,4,5,5,4,5,5,5,4,5,4.545454545,4,141
Conversation,4,2,2,2,4,3,3,4,2,4,4,4,2,2,2,4,3,3,4,2.583333333,4,3.291666667,2,4,2,2,3,3,3,2,4,4,4,3,4,142
Conversation,5,4,4,4,4,4,5,4,4,4,5,5,4,4,4,5,4,5,4,4.166666667,4.666666667,4.416666667,4,5,4,5,5,5,2,5,5,4,5,4.454545455,4,143
Conversation,4,2,2,3,4,4,4,4,4,4,5,4,3,3,2,4,2,4,5,3.25,4.333333333,3.791666667,3,5,3,5,3,3,3,4,3,3,4,3.545454545,3,144
Conversation,5,2,4,3,4,3,4,4,3,4,4,4,4,4,4,4,3,4,4,3.583333333,4.166666667,3.875,3,3,4,4,3,4,3,4,4,3,4,3.545454545,4,145
Conversation,5,4,4,4,3,5,4,4,4,5,4,4,4,4,3,3,2,4,3,3.916666667,4,3.958333333,4,4,4,5,5,4,5,4,4,5,5,4.454545455,3,146
Conversation,5,3,2,4,3,3,4,5,4,4,5,4,5,4,3,5,2,4,4,3.666666667,4.5,4.083333333,4,5,3,5,4,3,4,4,4,4,3,3.909090909,4,147
Conversation,5,4,4,4,5,5,4,4,4,4,4,5,4,4,4,4,5,4,4,4.166666667,4.333333333,4.25,4,4,4,4,4,5,5,4,5,4,5,4.363636364,2,148
Conversation,4,2,3,3,4,4,4,4,3,4,4,4,4,3,3,3,4,4,4,3.416666667,3.833333333,3.625,4,4,4,4,4,4,4,4,5,4,4,4.090909091,3,149
Conversation,4,1,1,2,2,2,4,4,4,4,4,5,4,4,1,5,2,4,5,2.75,4.5,3.625,3,4,3,5,2,2,4,5,4,4,5,3.727272727,3,150
Conversation,4,3,4,5,4,4,4,4,4,5,4,4,5,3,4,5,4,4,4,4,4.333333333,4.166666667,4,5,5,5,5,4,5,5,5,4,3,4.545454545,3,151
Conversation,4,4,4,4,4,4,4,4,4,3,4,4,3,3,4,4,4,4,4,3.833333333,3.833333333,3.833333333,4,3,4,4,3,3,5,2,5,4,2,3.545454545,4,152
Conversation,4,2,4,3,2,3,4,4,4,3,4,5,3,3,3,4,1,4,2,3.25,3.666666667,3.458333333,4,4,3,4,3,4,4,4,4,4,4,3.818181818,2,153
Conversation,5,3,2,3,4,4,4,4,4,5,4,5,5,4,4,5,4,5,4,3.833333333,4.666666667,4.25,4,4,3,4,4,4,4,3,4,4,5,3.909090909,4,154
Conversation,4,2,2,2,2,2,3,4,2,4,4,4,4,3,2,4,2,3,4,2.583333333,4,3.291666667,3,4,3,4,3,3,4,2,4,4,3,3.363636364,4,155
Conversation,3,5,3,4,4,4,3,4,3,5,4,4,5,5,3,4,3,4,5,3.916666667,4.166666667,4.041666667,3,5,3,4,3,5,3,2,2,4,1,3.181818182,3,156
Conversation,4,1,2,3,2,4,4,4,4,4,4,4,4,3,2,4,3,4,4,3.083333333,4,3.541666667,4,5,3,5,5,4,5,5,3,1,5,4.090909091,3,157
Conversation,4,4,4,4,5,4,4,4,4,4,4,4,4,4,4,4,4,4,4,4.083333333,4,4.041666667,4,3,3,4,5,4,2,3,4,4,5,3.727272727,4,158
Conversation,4,4,4,4,4,4,4,4,4,4,4,4,4,4,4,4,4,4,4,4,4,4,4,4,4,4,2,4,2,2,2,4,2,3.090909091,3,159
Conversation,4,3,3,3,3,3,4,4,4,4,4,4,4,3,3,4,4,4,4,3.416666667,4,3.708333333,2,4,4,4,4,4,4,4,4,4,4,3.818181818,3,160
Conversation,4,5,5,4,5,5,5,5,5,4,5,5,4,5,4,4,4,5,5,4.75,4.5,4.625,4,5,4,5,5,4,5,5,5,5,5,4.727272727,4,161
Conversation,3,3,3,3,2,2,3,4,3,2,3,3,4,3,3,4,2,3,3,3,3,3,4,3,3,4,3,3,4,4,3,3,4,3.454545455,3,162
Conversation,4,4,4,3,3,3,4,4,4,4,4,5,3,4,4,4,2,4,4,3.666666667,4.166666667,3.916666667,4,4,4,4,4,4,4,4,4,4,3,3.909090909,4,163
Conversation,5,4,4,3,3,3,4,4,3,3,4,4,4,4,3,3,2,4,4,3.583333333,3.833333333,3.708333333,4,3,4,4,4,3,4,4,3,3,4,3.636363636,3,164
Conversation,4,3,3,3,4,4,4,3,4,4,4,4,4,4,3,4,4,3,3,3.5,3.833333333,3.666666667,4,4,4,5,4,4,4,3,4,4,3,3.909090909,3,165
Conversation,5,5,5,5,3,4,5,5,5,5,5,5,5,5,4,5,3,5,5,4.666666667,5,4.833333333,5,5,5,5,5,5,5,5,1,5,5,4.636363636,4,166
Conversation,4,2,2,4,2,1,4,4,3,4,4,5,4,3,2,3,2,4,4,2.916666667,4,3.458333333,4,4,3,4,4,2,4,5,4,4,5,3.909090909,3,167
Conversation,3,4,3,4,2,4,4,4,3,3,4,4,4,4,3,4,3,4,4,3.583333333,3.666666667,3.625,3,4,3,4,4,3,3,4,3,2,4,3.363636364,3,168
Conversation,4,3,3,3,4,4,3,3,3,3,5,5,4,3,4,4,2,4,2,3.416666667,3.833333333,3.625,4,5,3,5,3,3,2,3,4,3,4,3.545454545,3,169
Conversation,4,2,3,2,2,4,4,3,2,3,3,4,3,3,2,4,4,4,4,2.833333333,3.666666667,3.25,2,4,2,3,3,2,3,4,4,2,4,3,3,170
Conversation,4,3,3,4,3,3,3,4,3,3,3,4,4,3,3,4,3,4,2,3.333333333,3.333333333,3.333333333,4,4,3,4,4,3,4,4,4,4,4,3.818181818,3,171
Conversation,4,3,2,2,2,2,4,3,2,4,4,3,5,3,2,5,2,4,3,2.833333333,3.833333333,3.333333333,3,4,3,5,4,3,4,3,5,4,5,3.909090909,2,172
Conversation,3,2,2,1,3,2,3,3,3,3,4,3,3,3,2,3,2,2,3,2.416666667,3.166666667,2.791666667,2,2,2,2,4,2,3,4,3,2,4,2.727272727,1,173
Conversation,5,4,4,4,4,4,5,4,4,4,5,4,4,4,4,5,2,4,2,4.083333333,4.166666667,4.125,4,4,4,4,5,4,4,5,5,4,4,4.272727273,4,174
Conversation,4,3,2,2,3,3,3,3,3,3,4,4,4,3,2,4,4,3,4,2.833333333,3.833333333,3.333333333,3,4,4,4,2,1,2,2,5,1,5,3,2,175
Conversation,4,1,2,2,4,4,4,4,4,4,4,4,4,4,4,4,2,4,4,3.416666667,4,3.708333333,4,4,2,4,4,4,4,4,4,4,4,3.818181818,4,176
Conversation,5,4,4,4,4,4,5,5,4,5,4,4,5,5,4,4,4,5,5,4.416666667,4.5,4.458333333,4,4,3,4,5,4,5,3,4,4,5,4.090909091,2,177
Conversation,5,3,3,4,3,4,4,4,4,4,5,5,4,4,4,5,3,4,5,3.75,4.833333333,4.291666667,3,5,4,5,4,4,5,5,5,4,5,4.454545455,4,178
Conversation,5,5,5,4,5,5,5,5,5,5,5,5,5,5,5,5,5,5,5,4.916666667,5,4.958333333,5,5,5,5,5,5,5,5,5,5,5,5,4,179
Conversation,3,2,3,3,3,3,3,4,3,4,4,5,3,3,2,4,2,4,4,3,4,3.5,2,4,4,4,4,4,4,3,2,3,3,3.363636364,1,180
Conversation,5,1,1,1,1,3,4,2,1,4,5,4,5,1,1,5,1,4,3,2.083333333,4.333333333,3.208333333,4,5,3,4,5,3,5,5,5,3,5,4.272727273,3,181
Conversation,4,2,3,3,3,3,4,3,4,4,4,5,4,4,4,5,2,4,4,3.416666667,4.333333333,3.875,4,4,4,4,4,4,4,4,4,4,4,4,3,182
Conversation,5,5,5,5,5,5,5,5,5,5,5,5,5,5,5,5,5,5,5,5,5,5,5,5,5,5,5,5,5,5,5,5,5,5,3,183
Conversation,4,2,2,3,2,3,4,4,3,4,4,4,3,3,2,4,2,4,2,2.916666667,3.666666667,3.291666667,3,5,2,4,3,4,5,3,4,3,3,3.545454545,2,184
Conversation,4,4,4,4,3,4,4,4,4,4,4,4,4,4,4,4,4,4,4,3.916666667,4,3.958333333,4,4,4,4,3,4,4,4,4,4,4,3.909090909,3,185
Conversation,4,2,2,4,2,2,4,4,3,4,4,5,4,3,3,5,3,4,3,3.083333333,4.166666667,3.625,3,5,4,5,2,3,4,4,3,3,4,3.636363636,3,186
Conversation,5,3,2,3,3,3,4,4,3,4,5,4,3,3,3,4,5,4,5,3.166666667,4.5,3.833333333,3,5,3,4,3,4,3,3,3,3,3,3.363636364,3,187
Conversation,4,4,4,4,4,5,4,5,4,4,4,4,5,5,4,5,4,4,4,4.333333333,4.166666667,4.25,5,5,4,4,4,4,4,4,4,4,4,4.181818182,3,188
Conversation,3,2,4,4,3,3,5,5,4,3,2,4,4,3,4,4,2,5,3,3.833333333,3.166666667,3.5,3,2,4,1,4,2,5,2,5,2,4,3.090909091,2,189
Conversation,5,3,3,3,4,4,4,4,4,4,4,4,5,3,3,4,4,4,4,3.666666667,4.166666667,3.916666667,4,4,4,5,4,4,5,5,5,4,5,4.454545455,4,190
Conversation,5,1,3,4,4,4,5,4,4,4,4,5,4,4,4,5,5,5,5,3.833333333,4.666666667,4.25,4,5,3,5,2,3,4,2,4,4,4,3.636363636,3,191
Conversation,5,2,3,2,4,4,4,5,3,4,5,5,4,5,4,3,1,5,2,3.75,4,3.875,4,5,4,5,5,4,5,5,5,5,5,4.727272727,2,192
Conversation,4,3,3,3,4,4,4,4,4,4,4,4,4,4,4,4,3,4,4,3.75,4,3.875,4,4,3,4,4,4,4,4,4,4,4,3.909090909,3,193
Conversation,5,4,4,5,4,4,4,5,5,5,5,5,5,4,5,5,4,5,4,4.5,4.833333333,4.666666667,5,5,4,5,5,5,5,5,5,5,5,4.909090909,2,194
Conversation,4,4,4,4,5,4,4,5,4,4,4,4,4,4,4,4,4,4,4,4.166666667,4,4.083333333,4,4,4,4,4,4,4,4,2,4,4,3.818181818,4,195
Conversation,5,4,4,5,5,4,5,5,5,4,4,4,5,4,5,5,4,5,5,4.666666667,4.5,4.583333333,5,5,5,5,1,4,2,2,2,5,1,3.363636364,3,196
Conversation,4,4,3,4,4,4,4,5,5,4,4,4,5,3,4,4,4,4,4,4.083333333,4,4.041666667,4,4,3,4,2,3,4,4,4,4,4,3.636363636,3,197
Conversation,4,3,4,5,4,4,5,5,4,4,5,4,4,4,4,5,2,5,3,4.25,4.166666667,4.208333333,4,4,5,5,4,3,4,4,4,4,5,4.181818182,3,198
Conversation,2,2,2,2,2,2,3,3,2,3,3,3,3,3,1,2,2,3,2,2.333333333,2.5,2.416666667,1,2,3,5,2,2,3,2,3,3,3,2.636363636,3,199
Conversation,4,3,3,3,4,4,4,3,3,4,4,3,3,3,2,5,3,3,4,3.166666667,4,3.583333333,1,1,2,4,5,1,5,5,5,3,5,3.363636364,3,200
Conversation,4,2,3,3,3,2,4,3,3,3,4,4,5,3,4,4,5,3,2,3.166666667,3.5,3.333333333,3,3,5,5,3,3,3,1,4,2,2,3.090909091,4,201
Healthcare,4,4,4,2,1,1,2,2,2,4,4,2,4,3,2,1,1,2,4,2.416666667,3.166666667,2.791666667,1,2,4,5,1,3,5,4,1,1,1,2.545454545,1,1
Healthcare,4,5,5,5,3,4,4,5,4,5,4,4,4,4,5,4,4,4,4,4.333333333,4.166666667,4.25,4,3,5,5,5,4,5,5,5,3,5,4.454545455,4,2
Healthcare,1,1,1,1,1,1,1,1,1,1,1,1,1,1,1,1,1,1,1,1,1,1,4,1,4,5,1,3,3,5,1,1,1,2.636363636,1,3
Healthcare,5,3,4,1,1,1,2,2,4,4,5,5,2,1,2,5,4,1,5,2,4.833333333,3.416666667,1,1,4,5,1,4,5,5,1,1,1,2.636363636,4,4
Healthcare,4,4,4,2,2,2,1,1,2,4,2,2,3,1,2,2,2,1,2,2.083333333,2.666666667,2.375,1,1,4,4,1,3,3,3,1,1,1,2.090909091,1,5
Healthcare,4,1,1,1,1,2,1,2,1,2,4,4,2,1,1,1,1,1,2,1.25,2.833333333,2.041666667,2,2,3,4,1,2,5,5,1,1,1,2.454545455,1,6
Healthcare,4,2,2,2,3,4,2,3,3,3,2,4,2,1,3,2,2,2,3,2.416666667,3,2.708333333,2,2,3,3,2,2,3,2,2,2,2,2.272727273,1,7
Healthcare,4,2,3,2,1,2,2,2,2,4,5,4,2,2,2,2,4,1,3,1.916666667,3.666666667,2.791666667,1,4,3,4,1,2,4,3,5,1,2,2.727272727,1,8
Healthcare,3,1,1,1,1,1,1,1,1,1,1,1,1,1,1,1,1,1,1,1,1.333333333,1.166666667,5,1,4,3,1,3,4,4,1,2,1,2.636363636,1,9
Healthcare,1,1,1,1,2,1,1,2,1,1,1,1,2,2,1,4,1,1,4,1.333333333,2,1.666666667,5,2,4,4,1,2,2,4,1,1,1,2.454545455,1,10
Healthcare,4,3,3,3,2,4,2,2,2,4,4,4,3,2,2,4,2,2,4,2.5,4,3.25,2,2,4,4,1,2,3,2,2,3,2,2.454545455,2,11
Healthcare,4,4,4,2,3,3,2,4,5,3,3,3,4,1,3,3,1,4,3,3.25,3.166666667,3.208333333,3,1,5,5,3,3,5,5,2,1,1,3.090909091,1,12
Healthcare,3,1,2,2,1,2,1,1,2,2,2,2,3,1,2,1,1,2,2,1.666666667,2,1.833333333,1,1,3,4,1,2,4,4,1,1,1,2.090909091,1,13
Healthcare,4,2,1,1,1,1,1,1,1,2,1,1,1,1,1,1,4,1,1,1.083333333,1.666666667,1.375,1,1,2,2,1,1,1,1,1,1,1,1.181818182,1,14
Healthcare,3,4,4,4,4,4,3,4,3,3,4,3,4,4,3,4,4,4,3,3.75,3.333333333,3.541666667,4,4,4,3,2,4,4,4,2,4,2,3.363636364,3,15
Healthcare,2,3,3,3,1,3,2,3,2,3,3,2,2,1,3,3,3,3,3,2.416666667,2.666666667,2.541666667,3,3,3,3,3,3,3,3,3,3,3,3,1,16
Healthcare,5,4,3,4,3,3,2,2,3,4,4,3,4,2,3,3,2,3,4,3,3.833333333,3.416666667,5,3,3,3,2,2,4,3,2,3,2,2.909090909,4,17
Healthcare,3,2,2,3,1,1,2,2,3,3,4,4,2,1,2,2,2,1,4,1.833333333,3.333333333,2.583333333,1,1,4,4,1,2,5,4,1,1,1,2.272727273,1,18
Healthcare,4,4,3,2,1,1,2,2,1,3,3,2,4,2,1,3,4,1,5,2,3.333333333,2.666666667,1,3,4,5,1,4,4,4,1,1,1,2.636363636,4,19
Healthcare,1,1,1,1,1,1,1,1,1,1,1,1,1,1,1,1,3,1,1,1,1,1,2,1,4,5,3,3,5,2,3,4,2,3.090909091,1,20
Healthcare,5,4,2,4,2,4,4,2,2,4,4,4,4,2,2,4,5,2,5,2.833333333,4.333333333,3.583333333,2,4,4,4,1,4,4,4,1,1,1,2.727272727,1,21
Healthcare,4,2,4,2,1,2,2,2,2,2,3,3,2,2,2,4,2,2,3,2.083333333,3.166666667,2.625,1,2,4,4,2,2,4,4,1,2,1,2.454545455,1,22
Healthcare,4,2,2,2,2,2,1,2,2,3,2,4,3,3,1,2,3,1,3,1.916666667,3,2.458333333,1,2,4,4,1,4,4,4,1,1,1,2.454545455,1,23
Healthcare,4,2,2,2,2,2,3,3,3,4,4,4,2,1,2,2,4,1,4,2.083333333,3.666666667,2.875,4,4,2,5,4,3,3,3,2,1,1,2.909090909,3,24
Healthcare,1,2,4,1,1,1,1,1,1,1,1,4,1,1,1,1,1,1,1,1.333333333,1.5,1.416666667,1,1,4,4,1,4,4,4,5,1,1,2.727272727,1,25
Healthcare,2,1,1,2,2,2,1,1,1,1,1,2,2,1,2,1,1,1,1,1.416666667,1.333333333,1.375,1,1,4,4,1,2,4,3,1,1,1,2.090909091,1,26
Healthcare,4,2,2,2,2,2,2,2,2,3,4,3,2,2,2,2,2,2,3,2,3.166666667,2.583333333,2,3,3,4,1,3,2,3,1,2,1,2.272727273,1,27
Healthcare,3,2,2,2,2,2,1,2,2,3,3,4,2,2,2,4,2,2,4,1.916666667,3.5,2.708333333,1,1,4,4,2,2,4,4,1,1,2,2.363636364,2,28
Healthcare,4,2,2,2,2,2,2,2,2,2,2,3,2,2,2,3,2,2,2,2,2.666666667,2.333333333,2,2,3,4,2,3,4,4,2,2,2,2.727272727,1,29
Healthcare,1,1,1,1,1,1,1,1,1,1,1,1,1,1,1,4,1,1,1,1,1.5,1.25,1,5,1,1,1,1,2,1,1,1,1,1.454545455,1,30
Healthcare,5,1,4,3,2,3,1,4,1,4,4,5,1,1,1,4,4,1,2,1.916666667,4,2.958333333,1,5,3,4,1,1,3,4,1,1,1,2.272727273,2,31
Healthcare,3,2,2,1,2,2,1,1,1,3,4,4,1,1,1,2,2,1,3,1.333333333,3.166666667,2.25,1,2,3,5,1,2,4,4,1,1,1,2.272727273,1,32
Healthcare,1,1,1,1,1,1,1,1,1,1,1,1,1,1,1,1,1,1,4,1,1.5,1.25,1,1,1,1,1,1,2,2,1,1,1,1.181818182,4,33
Healthcare,4,1,1,1,1,1,1,1,1,3,3,4,1,2,1,1,1,1,5,1.083333333,3.333333333,2.208333333,1,1,3,5,1,2,4,5,1,1,1,2.272727273,1,34
Healthcare,5,4,5,5,2,2,3,5,4,5,5,5,5,2,4,5,5,2,5,3.583333333,5,4.291666667,2,4,4,5,3,4,5,5,1,2,5,3.636363636,4,35
Healthcare,4,1,1,1,1,1,1,1,1,4,3,5,1,1,1,5,2,1,4,1,4.166666667,2.583333333,1,1,3,4,1,3,4,3,1,1,1,2.090909091,1,36
Healthcare,4,2,2,2,2,2,2,2,2,4,4,4,2,2,2,4,2,2,4,2,4,3,2,2,4,4,2,4,4,4,4,2,4,3.272727273,1,37
Healthcare,5,4,4,3,4,4,4,4,4,4,3,4,3,2,4,4,4,3,4,3.583333333,4,3.791666667,3,4,4,4,4,4,4,4,2,2,2,3.363636364,3,38
Healthcare,4,1,1,3,2,2,2,3,2,3,4,4,2,2,2,3,1,3,4,2.083333333,3.666666667,2.875,2,3,4,4,2,3,4,5,1,1,1,2.727272727,1,39
Healthcare,2,1,1,1,1,1,2,1,1,3,4,4,1,1,1,4,2,1,4,1.083333333,3.5,2.291666667,1,1,2,2,1,1,2,2,1,1,2,1.454545455,1,40
Healthcare,5,2,2,2,1,2,3,4,2,1,5,5,3,2,2,5,4,1,4,2.166666667,4.166666667,3.166666667,3,3,4,5,1,4,5,4,1,1,1,2.909090909,3,41
Healthcare,2,1,1,1,1,1,1,1,1,2,3,3,1,1,1,1,2,1,1,1,2,1.5,1,1,3,2,1,2,3,3,1,1,1,1.727272727,4,42
Healthcare,1,1,2,1,1,1,1,1,1,1,1,1,1,1,1,1,1,1,1,1.083333333,1,1.041666667,1,1,3,2,1,2,4,2,1,1,1,1.727272727,1,43
Healthcare,2,1,4,2,2,4,2,3,1,3,2,2,2,2,1,2,2,1,2,2.083333333,2.166666667,2.125,1,1,4,4,1,3,1,5,1,1,1,2.090909091,1,44
Healthcare,4,2,1,2,1,2,2,2,2,4,4,4,2,1,3,5,4,1,1,1.75,3.666666667,2.708333333,1,2,4,4,1,2,2,2,1,1,1,1.909090909,3,45
Healthcare,4,2,2,2,2,2,2,2,2,2,4,2,2,1,2,2,2,1,3,1.833333333,2.833333333,2.333333333,2,1,3,4,2,3,2,3,2,1,2,2.272727273,1,46
Healthcare,3,2,2,2,2,2,2,2,2,3,3,2,2,2,2,2,4,2,3,2,2.666666667,2.333333333,2,3,4,4,2,4,4,4,2,1,2,2.909090909,1,47
Healthcare,4,1,1,1,1,1,1,1,2,4,4,1,1,1,1,4,1,1,4,1.083333333,3.5,2.291666667,1,1,2,2,1,2,2,2,1,1,1,1.454545455,2,48
Healthcare,4,2,2,2,2,2,2,2,1,2,2,4,1,1,1,4,1,1,2,1.583333333,3,2.291666667,2,2,2,2,2,2,4,2,2,2,2,2.181818182,1,49
Healthcare,4,2,2,1,1,1,1,2,1,2,4,4,2,1,2,2,1,2,2,1.5,3,2.25,1,1,2,3,1,1,3,2,1,1,1,1.545454545,1,50
Healthcare,4,3,4,4,2,2,3,4,2,4,2,4,5,2,4,4,4,1,4,3,3.666666667,3.333333333,2,4,5,5,1,5,4,4,1,1,1,3,1,51
Healthcare,4,4,2,2,1,2,2,1,2,2,4,4,2,4,2,4,4,3,3,2.25,3.5,2.875,1,1,2,4,1,4,4,5,1,1,1,2.272727273,3,52
Healthcare,4,2,4,3,4,2,2,4,4,4,4,4,2,2,2,5,3,1,4,2.666666667,4.166666667,3.416666667,3,5,4,4,3,3,4,4,2,1,1,3.090909091,3,53
Healthcare,4,4,2,4,2,2,4,4,2,4,4,4,4,2,2,4,2,2,4,2.833333333,4,3.416666667,2,2,4,4,2,4,4,4,2,2,2,2.909090909,2,54
Healthcare,4,2,2,2,1,2,2,1,1,4,3,4,2,2,1,2,2,1,3,1.583333333,3.333333333,2.458333333,1,1,3,3,1,2,4,4,1,1,1,2,1,55
Healthcare,5,1,1,1,1,3,1,2,1,4,3,5,2,1,1,5,1,1,5,1.333333333,4.5,2.916666667,2,1,3,4,1,2,3,2,1,1,1,1.909090909,1,56
Healthcare,4,4,4,4,2,2,4,4,2,4,4,4,4,2,4,2,2,2,4,3.166666667,3.666666667,3.416666667,4,4,4,5,2,4,5,5,2,2,2,3.545454545,1,57
Healthcare,3,1,1,1,1,1,3,1,1,1,3,3,1,3,1,3,1,1,3,1.333333333,2.666666667,2,1,1,3,3,1,3,3,3,1,1,1,1.909090909,1,58
Healthcare,2,2,2,4,2,2,2,2,2,2,2,4,2,1,2,2,2,2,2,2.083333333,2.333333333,2.208333333,2,2,3,4,2,2,4,4,2,2,2,2.636363636,1,59
Healthcare,4,2,2,2,2,2,2,2,4,2,4,4,2,1,2,4,4,1,4,2,3.666666667,2.833333333,2,2,4,4,2,3,4,4,2,2,2,2.818181818,3,60
Healthcare,4,3,4,1,3,2,2,2,4,2,4,4,2,2,2,2,4,2,4,2.416666667,3.333333333,2.875,1,1,3,4,1,4,2,3,1,1,1,2,2,61
Healthcare,4,2,2,2,2,2,2,2,2,3,4,3,2,1,2,3,1,2,4,1.916666667,3.5,2.708333333,2,1,2,2,1,2,3,1,1,1,1,1.545454545,1,62
Healthcare,4,3,2,1,1,1,1,2,2,3,4,4,3,1,1,4,4,1,4,1.583333333,3.833333333,2.708333333,1,1,4,5,1,1,5,5,1,1,1,2.363636364,1,63
Healthcare,4,4,3,2,2,2,3,2,4,4,4,4,3,1,2,4,3,2,4,2.5,4,3.25,2,2,3,3,3,3,4,1,2,3,3,2.636363636,1,64
Healthcare,5,4,4,4,4,4,5,4,2,5,4,4,4,2,2,3,5,2,4,3.416666667,4.166666667,3.791666667,1,2,4,5,1,3,5,4,1,1,1,2.545454545,1,65
Healthcare,4,2,2,4,2,2,2,4,2,2,4,4,4,2,2,4,4,2,4,2.5,3.666666667,3.083333333,2,2,4,4,2,2,4,4,2,2,2,2.727272727,1,66
Healthcare,5,3,4,3,2,3,3,3,3,3,4,2,4,2,2,3,2,2,4,2.833333333,3.5,3.166666667,2,2,4,4,2,3,3,4,3,3,2,2.909090909,1,67
Healthcare,4,4,4,2,1,2,2,1,1,2,3,1,2,1,1,2,4,1,2,1.833333333,2.333333333,2.083333333,1,1,3,4,1,3,3,3,1,1,1,2,3,68
Healthcare,4,1,3,1,2,1,2,2,1,4,4,4,3,1,1,3,1,1,4,1.583333333,3.833333333,2.708333333,2,2,2,2,2,2,2,3,2,1,1,1.909090909,1,69
Healthcare,5,2,2,2,1,1,1,2,2,4,5,4,2,2,1,4,1,1,2,1.583333333,4,2.791666667,2,2,3,4,2,1,5,5,1,1,1,2.454545455,1,70
Healthcare,4,4,4,4,2,2,4,4,4,4,4,4,4,2,2,4,4,2,4,3.166666667,4,3.583333333,2,4,4,4,2,4,4,4,2,2,2,3.090909091,4,71
Healthcare,1,1,1,1,1,1,1,1,1,1,5,1,1,1,1,1,1,1,1,1,1.666666667,1.333333333,1,1,4,5,1,4,5,5,1,1,1,2.636363636,1,72
Healthcare,2,2,2,2,2,2,2,2,2,3,3,2,2,2,2,2,3,1,2,1.916666667,2.333333333,2.125,1,1,4,4,1,4,4,4,1,1,2,2.454545455,1,73
Healthcare,4,4,4,4,3,3,4,3,4,4,4,4,4,2,4,5,2,2,4,3.416666667,4.166666667,3.791666667,2,1,4,4,4,4,4,5,2,2,1,3,4,74
Healthcare,4,2,2,2,1,2,2,2,2,3,2,2,4,1,2,2,1,2,3,2,2.666666667,2.333333333,2,2,4,4,2,3,4,4,1,1,1,2.545454545,1,75
Healthcare,4,1,2,1,1,1,1,1,1,1,2,2,1,1,1,1,2,1,3,1.083333333,2.166666667,1.625,1,1,4,5,1,4,5,5,1,4,1,2.909090909,1,76
Healthcare,1,1,4,1,1,1,1,1,1,3,1,1,1,1,1,1,1,1,4,1.25,1.833333333,1.541666667,1,1,4,4,1,3,2,5,1,1,1,2.181818182,1,77
Healthcare,5,1,2,1,1,1,1,3,2,1,4,4,2,2,1,2,2,1,3,1.5,3.166666667,2.333333333,1,2,2,2,1,2,3,2,1,1,1,1.636363636,3,78
Healthcare,3,3,3,2,1,1,1,1,1,3,3,2,1,1,1,2,1,1,2,1.416666667,2.5,1.958333333,1,1,4,5,1,3,3,4,1,1,1,2.272727273,1,79
Healthcare,4,4,2,4,3,3,2,4,4,3,4,5,3,4,4,4,4,4,4,3.416666667,4,3.708333333,2,5,2,4,4,2,2,2,2,3,1,2.636363636,4,80
Healthcare,4,3,3,2,1,2,2,2,2,2,3,2,2,2,2,4,3,2,4,2.083333333,3.166666667,2.625,2,2,4,4,2,3,4,4,2,1,1,2.636363636,1,81
Healthcare,2,1,2,2,3,1,2,1,1,1,2,3,1,1,1,1,3,1,1,1.416666667,1.666666667,1.541666667,1,1,2,3,1,2,3,3,1,1,1,1.727272727,2,82
Healthcare,5,1,1,3,3,3,1,3,1,3,3,5,1,1,1,3,1,1,5,1.666666667,4,2.833333333,1,1,5,5,1,3,5,5,1,1,1,2.636363636,3,83
Healthcare,2,2,2,2,2,3,2,2,2,2,2,2,2,2,2,2,2,2,2,2.083333333,2,2.041666667,2,2,4,4,2,4,4,4,2,2,2,2.909090909,1,84
Healthcare,3,1,1,2,2,1,1,3,1,1,3,4,1,1,1,5,1,2,3,1.416666667,3.166666667,2.291666667,1,1,2,2,1,2,3,2,1,1,2,1.636363636,1,85
Healthcare,1,1,1,1,2,1,1,1,1,1,1,2,1,1,1,3,1,1,3,1.083333333,1.833333333,1.458333333,1,4,3,3,1,1,5,4,1,1,1,2.272727273,1,86
Healthcare,3,2,2,2,2,1,2,2,1,2,3,1,2,2,1,2,2,2,2,1.75,2.166666667,1.958333333,1,2,3,2,1,2,3,2,1,1,1,1.727272727,1,87
Healthcare,5,1,3,1,1,3,1,3,3,3,3,4,1,1,3,3,3,1,1,1.833333333,3.166666667,2.5,1,3,3,5,1,3,3,5,1,1,1,2.454545455,1,88
Healthcare,4,4,3,4,3,3,2,4,4,3,4,4,4,2,2,2,3,2,4,3.083333333,3.5,3.291666667,2,3,4,4,3,4,4,4,2,2,1,3,2,89
Healthcare,4,2,4,3,2,2,3,3,4,5,4,4,2,3,2,4,3,3,4,2.75,4.166666667,3.458333333,2,1,4,5,1,4,4,4,1,2,2,2.727272727,1,90
Healthcare,5,2,2,1,1,1,1,1,1,2,4,4,1,1,1,1,1,1,3,1.166666667,3.166666667,2.166666667,1,1,5,5,1,5,5,5,1,5,1,3.181818182,1,91
Healthcare,4,1,1,1,1,1,1,1,1,4,1,4,1,1,1,1,2,1,4,1,3,2,1,1,2,3,1,2,4,4,1,1,1,1.909090909,2,92
Healthcare,5,4,4,2,2,2,2,2,3,3,5,5,2,2,2,5,4,3,5,2.5,4.666666667,3.583333333,1,2,4,5,1,4,4,4,1,1,1,2.545454545,2,93
Healthcare,1,1,1,1,1,1,1,2,1,1,4,4,1,1,1,1,1,1,1,1.083333333,2,1.541666667,1,1,1,1,1,4,4,4,1,1,1,1.818181818,4,94
Healthcare,5,2,1,2,1,1,2,2,1,4,4,4,2,1,1,4,1,1,4,1.416666667,4.166666667,2.791666667,1,2,2,5,1,1,5,3,1,1,1,2.090909091,1,95
Healthcare,3,2,2,1,1,1,1,2,2,4,3,3,2,2,1,2,2,2,3,1.583333333,3,2.291666667,2,2,2,3,1,2,1,2,2,2,2,1.909090909,1,96
Healthcare,4,2,2,2,2,2,4,2,2,1,4,5,3,2,2,2,4,1,3,2.166666667,3.166666667,2.666666667,2,1,5,5,1,4,4,4,4,2,1,3,1,97
Healthcare,3,1,1,1,1,1,1,1,2,1,2,3,1,1,1,4,2,1,3,1.083333333,2.666666667,1.875,1,1,1,2,1,1,3,1,1,1,1,1.272727273,2,98
Healthcare,5,2,2,2,1,2,5,4,4,4,5,5,4,2,4,5,4,2,4,2.833333333,4.666666667,3.75,2,2,3,4,2,4,4,4,1,2,2,2.727272727,1,99
Healthcare,5,4,2,1,1,1,1,1,1,3,5,1,1,1,1,2,1,2,1,1.416666667,2.833333333,2.125,2,1,1,4,1,4,3,4,1,1,1,2.090909091,1,100
Healthcare,2,2,1,2,1,2,2,2,2,2,3,2,2,1,1,2,2,2,2,1.666666667,2.166666667,1.916666667,2,2,2,2,2,2,2,2,1,2,2,1.909090909,1,101
Healthcare,4,2,2,1,1,1,2,1,2,2,2,2,1,2,1,2,2,2,1,1.5,2.166666667,1.833333333,2,2,4,4,2,3,4,5,1,1,2,2.727272727,1,102
Healthcare,2,2,2,2,2,2,2,2,2,2,3,2,2,2,2,2,1,2,2,2,2.166666667,2.083333333,1,1,2,3,2,2,3,2,1,1,2,1.818181818,1,103
Healthcare,5,3,2,1,2,1,3,2,2,3,3,2,2,2,2,2,2,2,3,2,3,2.5,1,1,3,5,1,3,5,5,1,1,1,2.454545455,2,104
Healthcare,4,2,2,2,2,2,2,2,2,2,4,4,2,2,2,2,2,2,2,2,3,2.5,2,1,4,4,2,4,4,4,2,2,2,2.818181818,2,105
Healthcare,4,1,1,1,1,1,1,3,1,1,1,1,1,1,1,1,1,1,2,1.166666667,1.666666667,1.416666667,1,1,3,3,1,3,4,4,1,1,1,2.090909091,1,106
Healthcare,4,2,3,2,2,2,3,3,4,4,4,5,3,3,3,5,4,3,4,2.75,4.333333333,3.541666667,3,4,4,4,4,4,4,4,3,4,2,3.636363636,4,107
Healthcare,4,2,2,3,2,2,2,4,4,4,4,4,4,2,2,2,2,2,4,2.583333333,3.666666667,3.125,4,4,3,4,4,4,4,4,2,2,2,3.363636364,3,108
Healthcare,4,2,3,2,3,2,3,2,2,3,2,2,2,2,2,2,2,2,2,2.25,2.5,2.375,2,2,4,5,2,4,4,4,1,2,1,2.818181818,1,109
Healthcare,4,2,2,2,1,1,2,2,2,2,3,3,3,2,1,2,2,2,2,1.833333333,2.666666667,2.25,2,2,3,4,2,3,4,3,1,1,2,2.454545455,1,110
Healthcare,1,1,1,1,1,1,1,1,1,1,2,1,1,1,1,1,1,1,4,1,1.666666667,1.333333333,1,1,2,4,1,1,4,4,1,1,1,1.909090909,1,111
Healthcare,2,1,1,2,1,1,1,3,1,1,1,1,1,1,1,4,2,1,3,1.25,2,1.625,1,1,3,4,5,2,5,5,1,1,1,2.636363636,1,112
Healthcare,1,2,1,1,1,2,2,1,1,1,3,1,1,1,1,1,1,1,2,1.25,1.5,1.375,1,2,3,4,1,3,5,3,1,1,1,2.272727273,1,113
Healthcare,3,3,2,2,1,2,2,2,2,1,2,2,2,3,2,2,2,1,2,2,2,2,2,2,4,4,2,4,4,4,4,2,4,3.272727273,1,114
Healthcare,2,1,2,1,2,2,2,2,2,1,1,2,2,1,1,2,1,1,2,1.583333333,1.666666667,1.625,1,1,4,4,1,1,5,5,1,1,2,2.363636364,2,115
Healthcare,5,2,2,3,3,3,2,2,4,3,4,5,4,1,1,5,3,1,5,2.333333333,4.5,3.416666667,1,2,3,5,1,3,5,5,1,1,1,2.545454545,2,116
Healthcare,1,1,2,1,1,1,1,1,1,1,1,5,1,1,1,2,3,1,4,1.083333333,2.333333333,1.708333333,1,4,2,3,1,1,2,2,1,1,1,1.727272727,1,117
Healthcare,3,2,3,2,2,2,3,2,2,2,2,3,4,2,2,2,2,2,3,2.333333333,2.5,2.416666667,2,2,4,4,2,3,4,4,1,2,1,2.636363636,1,118
Healthcare,3,2,3,2,1,1,1,2,1,1,3,5,3,1,2,2,1,1,1,1.666666667,2.5,2.083333333,1,4,3,5,1,2,5,3,1,1,1,2.454545455,1,119
Healthcare,4,3,2,1,1,1,1,1,1,3,4,2,1,1,1,1,3,1,1,1.25,2.5,1.875,1,1,3,4,1,2,5,3,1,1,1,2.090909091,1,120
Healthcare,4,4,4,4,2,1,4,3,2,2,3,4,3,2,2,2,2,2,2,2.75,2.833333333,2.791666667,1,1,4,4,2,1,4,4,2,1,2,2.363636364,1,121
Healthcare,2,1,1,1,1,2,1,1,1,2,2,2,1,2,1,1,2,1,4,1.166666667,2.166666667,1.666666667,1,1,4,5,1,5,5,1,1,1,1,2.363636364,1,122
Healthcare,4,1,1,1,2,1,1,3,1,5,3,5,5,3,2,1,1,2,1,1.916666667,3.166666667,2.541666667,1,1,5,5,1,3,5,5,1,1,1,2.636363636,2,123
Healthcare,4,3,3,1,2,1,2,1,1,4,4,3,2,1,1,4,2,1,2,1.583333333,3.5,2.541666667,1,2,5,5,2,1,4,5,2,2,2,2.818181818,1,124
Healthcare,2,2,2,2,2,2,2,2,2,2,2,2,2,2,2,2,2,2,2,2,2,2,2,2,4,4,4,2,3,4,2,2,2,2.818181818,1,125
Healthcare,5,2,4,4,2,3,4,1,3,3,5,5,4,2,2,5,5,2,5,2.75,4.666666667,3.708333333,3,1,5,5,1,4,5,5,1,2,2,3.090909091,3,126
Healthcare,5,4,3,5,2,4,4,2,5,4,4,4,4,2,2,2,5,2,4,3.25,3.833333333,3.541666667,4,4,5,5,2,5,5,4,1,2,1,3.454545455,1,127
Healthcare,3,1,1,1,1,1,1,1,1,1,4,3,1,1,1,2,1,1,1,1,2.333333333,1.666666667,1,1,3,4,1,4,4,4,1,1,1,2.272727273,1,128
Healthcare,4,1,1,1,2,1,1,1,2,2,5,2,1,1,1,2,4,1,5,1.166666667,3.333333333,2.25,1,1,4,5,1,4,5,5,1,1,1,2.636363636,1,129
Healthcare,4,3,4,3,2,2,2,4,2,2,5,4,2,2,2,4,3,2,1,2.5,3.333333333,2.916666667,1,1,4,5,1,3,5,5,1,1,1,2.545454545,4,130
Healthcare,4,4,4,3,2,2,2,2,4,4,4,5,4,2,2,4,3,3,4,2.833333333,4.166666667,3.5,2,2,4,4,2,2,4,4,2,2,2,2.727272727,2,131
Healthcare,4,3,2,2,2,4,2,1,2,2,3,4,4,1,1,4,2,1,4,2.083333333,3.5,2.791666667,1,3,5,5,1,4,4,4,2,2,1,2.909090909,2,132
Healthcare,3,3,2,2,2,2,2,2,2,3,3,4,2,2,1,1,4,1,2,1.916666667,2.666666667,2.291666667,2,1,5,5,2,4,4,5,1,1,1,2.818181818,1,133
Healthcare,4,4,4,2,2,3,4,2,2,4,4,4,4,2,2,4,4,2,4,2.75,4,3.375,1,1,5,5,1,5,5,5,1,1,1,2.818181818,2,134
Healthcare,2,1,1,2,1,1,1,1,1,1,3,1,2,1,1,1,1,1,1,1.166666667,1.5,1.333333333,1,1,4,4,1,1,5,5,1,1,1,2.272727273,1,135
Healthcare,4,2,2,2,3,3,1,2,1,2,3,4,1,1,1,4,2,1,3,1.666666667,3.333333333,2.5,1,2,3,4,3,2,4,4,3,1,1,2.545454545,4,136
Healthcare,3,4,3,2,2,1,3,3,1,4,5,3,3,3,1,1,2,2,4,2.333333333,3.333333333,2.833333333,1,2,5,5,1,3,5,5,1,4,1,3,4,137
Healthcare,4,1,3,1,1,2,1,1,1,3,1,3,3,1,1,4,1,1,4,1.416666667,3.166666667,2.291666667,5,1,4,4,1,3,3,3,2,1,2,2.636363636,1,138
Healthcare,2,2,2,2,2,2,2,2,1,2,2,1,2,2,1,2,2,1,2,1.75,1.833333333,1.791666667,1,1,5,4,1,5,4,5,1,1,1,2.636363636,1,139
Healthcare,3,3,2,2,2,3,2,2,2,3,4,2,4,2,2,2,4,2,3,2.333333333,2.833333333,2.583333333,4,4,4,4,5,3,5,4,5,3,4,4.090909091,2,140
Healthcare,3,1,1,1,1,1,1,1,1,1,3,3,1,1,1,1,1,1,3,1,2.333333333,1.666666667,1,1,3,4,2,1,5,5,5,1,2,2.727272727,1,141
Healthcare,4,2,2,1,1,2,2,2,2,3,2,4,3,2,2,2,3,2,4,1.916666667,3.166666667,2.541666667,1,4,1,2,2,1,2,1,2,1,2,1.727272727,3,142
Healthcare,5,4,4,1,1,5,2,1,1,5,4,5,3,1,1,1,3,1,1,2.083333333,3.5,2.791666667,3,2,5,5,1,5,1,4,1,2,1,2.727272727,1,143
Healthcare,4,3,3,2,2,2,2,2,3,3,4,4,3,2,3,4,3,2,4,2.416666667,3.833333333,3.125,2,4,3,4,1,4,5,4,1,1,1,2.727272727,1,144
Healthcare,3,2,2,2,1,1,1,2,1,1,3,4,1,1,1,1,1,1,1,1.333333333,2.166666667,1.75,1,1,2,2,1,2,2,4,1,1,3,1.818181818,1,145
Healthcare,4,1,3,1,1,1,3,2,2,5,3,5,2,1,1,5,2,1,5,1.583333333,4.5,3.041666667,1,1,3,4,5,1,5,2,1,1,1,2.272727273,1,146
Healthcare,4,1,1,3,1,2,2,3,2,3,3,3,3,2,2,1,1,1,3,1.916666667,2.833333333,2.375,1,1,4,5,1,4,5,4,1,1,1,2.545454545,1,147
Healthcare,4,4,5,4,3,4,3,4,2,4,4,4,5,2,2,2,4,2,4,3.333333333,3.666666667,3.5,4,2,4,5,4,5,3,4,2,2,2,3.363636364,1,148
Healthcare,3,3,4,4,3,3,3,3,3,4,3,4,2,2,4,2,4,2,4,3,3.333333333,3.166666667,2,2,3,3,2,2,3,2,4,3,2,2.545454545,2,149
Healthcare,4,1,4,1,1,4,2,4,4,1,1,4,1,1,1,2,1,2,2,2.166666667,2.333333333,2.25,1,1,3,5,2,4,5,5,1,1,1,2.636363636,4,150
Healthcare,4,1,1,1,1,1,1,1,2,2,4,4,1,1,1,5,4,1,4,1.083333333,3.833333333,2.458333333,1,4,3,2,2,4,5,5,1,1,2,2.727272727,2,151
Healthcare,3,3,4,3,3,3,4,3,3,3,3,3,3,3,4,2,2,3,3,3.25,2.833333333,3.041666667,3,3,3,3,4,3,3,3,3,2,4,3.090909091,2,152
Healthcare,4,5,4,4,3,2,3,3,4,4,4,4,4,2,3,4,2,2,5,3.25,4.166666667,3.708333333,2,3,4,4,2,4,4,4,2,2,4,3.181818182,3,153
Healthcare,3,3,2,2,1,2,3,4,2,2,4,4,3,2,1,2,4,1,3,2.166666667,3,2.583333333,2,2,3,4,1,3,4,4,1,4,2,2.727272727,1,154
Healthcare,4,2,2,2,2,3,1,3,1,4,4,4,3,1,1,4,2,1,4,1.833333333,4,2.916666667,2,4,2,2,2,1,2,2,2,1,1,1.909090909,2,155
Healthcare,4,5,4,3,5,4,5,5,4,5,4,4,3,3,4,4,5,3,4,4,4.166666667,4.083333333,3,5,5,3,2,4,2,1,1,3,2,2.818181818,2,156
Healthcare,4,1,1,1,1,1,1,1,1,3,3,4,1,1,1,3,1,1,3,1,3.333333333,2.166666667,1,2,4,4,1,1,5,5,1,1,1,2.363636364,1,157
Healthcare,1,1,1,1,2,2,1,2,1,1,2,2,2,2,2,1,2,1,2,1.5,1.5,1.5,1,4,2,5,1,2,5,4,1,1,1,2.454545455,1,158
Healthcare,4,4,4,4,4,4,4,4,4,4,4,4,4,4,4,4,4,4,4,4,4,4,4,4,4,4,2,4,2,2,2,4,2,3.090909091,1,159
Healthcare,4,2,2,2,2,2,2,2,2,3,4,4,2,2,2,4,1,2,4,2,3.833333333,2.916666667,2,1,4,5,1,3,4,4,1,1,1,2.454545455,1,160
Healthcare,4,3,1,1,1,1,1,1,1,2,3,1,1,1,1,2,1,1,1,1.166666667,2.166666667,1.666666667,1,1,5,5,1,4,5,5,1,1,1,2.727272727,1,161
Healthcare,3,3,4,2,2,3,3,2,3,3,3,3,3,2,2,3,3,2,3,2.583333333,3,2.791666667,2,2,4,4,2,3,4,4,2,2,2,2.818181818,1,162
Healthcare,3,1,2,3,1,1,2,2,4,4,2,4,1,1,1,4,4,1,4,1.666666667,3.5,2.583333333,1,1,2,2,4,1,4,5,1,1,1,2.090909091,1,163
Healthcare,3,2,3,2,2,2,2,2,2,3,3,2,2,2,2,1,2,1,3,2,2.5,2.25,2,2,4,5,1,2,3,4,1,1,1,2.363636364,1,164
Healthcare,2,1,1,1,1,1,1,1,1,1,1,1,1,1,1,1,2,1,1,1,1.166666667,1.083333333,1,2,1,1,1,1,3,1,1,1,1,1.272727273,1,165
Healthcare,2,3,3,1,1,1,1,2,1,1,4,1,1,1,1,1,1,1,4,1.416666667,2.166666667,1.791666667,1,2,5,5,1,5,5,5,1,1,1,2.909090909,1,166
Healthcare,4,2,2,3,2,1,3,3,3,3,4,4,2,1,2,4,2,2,4,2.166666667,3.833333333,3,1,1,4,4,3,2,4,4,2,1,2,2.545454545,2,167
Healthcare,4,4,4,4,2,3,2,3,3,3,3,5,4,1,4,5,4,1,4,2.916666667,4,3.458333333,2,1,4,5,5,4,5,5,1,1,1,3.090909091,2,168
Healthcare,2,2,3,2,3,2,2,1,3,2,4,2,1,1,2,3,4,1,4,1.916666667,2.833333333,2.375,1,1,4,4,5,2,4,4,1,1,1,2.545454545,1,169
Healthcare,4,3,2,2,3,2,3,2,2,2,4,4,2,2,1,2,2,2,4,2.166666667,3.333333333,2.75,1,4,2,4,1,2,2,4,4,2,2,2.545454545,1,170
Healthcare,3,3,3,3,3,3,3,3,3,3,3,4,3,3,3,4,3,3,4,3,3.5,3.25,2,4,4,4,2,2,4,4,2,2,2,2.909090909,1,171
Healthcare,3,3,3,3,2,3,2,3,2,4,3,4,3,2,2,2,2,2,4,2.5,3.333333333,2.916666667,1,2,4,5,1,3,5,4,1,1,1,2.545454545,4,172
Healthcare,3,1,1,1,1,1,1,1,3,3,3,3,1,1,1,3,1,1,1,1.166666667,2.666666667,1.916666667,3,1,2,2,4,2,4,2,2,2,1,2.272727273,2,173
Healthcare,4,2,2,2,2,2,2,2,2,2,2,2,2,2,2,2,2,2,5,2,2.833333333,2.416666667,1,2,4,4,1,4,4,4,1,1,1,2.454545455,1,174
Healthcare,3,1,1,1,1,1,1,1,1,3,3,4,1,1,1,4,1,1,3,1,3.333333333,2.166666667,1,1,4,5,1,3,5,5,1,1,1,2.545454545,1,175
Healthcare,1,2,1,1,2,2,1,2,2,4,4,4,2,2,2,4,2,2,4,1.75,3.5,2.625,1,1,4,5,1,4,4,5,1,1,1,2.545454545,1,176
Healthcare,5,3,4,4,4,4,5,4,4,3,4,5,4,2,2,5,4,5,4,3.75,4.333333333,4.041666667,2,4,5,5,2,4,5,4,1,1,2,3.181818182,4,177
Healthcare,3,2,2,1,1,1,1,2,1,4,3,3,2,2,2,2,1,2,4,1.583333333,3.166666667,2.375,1,2,4,5,2,2,5,4,2,1,1,2.636363636,3,178
Healthcare,5,1,1,1,5,1,3,1,2,5,5,5,1,1,1,5,5,1,3,1.583333333,4.666666667,3.125,1,1,5,5,1,5,5,5,1,1,1,2.818181818,1,179
Healthcare,2,2,1,1,2,1,1,2,3,2,1,1,1,1,1,2,1,2,1,1.5,1.5,1.5,1,1,2,4,1,1,5,4,2,1,1,2.090909091,3,180
Healthcare,3,1,1,1,1,1,1,1,1,3,1,4,3,1,1,4,1,1,1,1.166666667,2.666666667,1.916666667,3,5,1,3,1,1,3,3,1,1,1,2.090909091,4,181
Healthcare,4,4,3,1,1,1,2,1,1,4,4,4,2,2,1,4,2,1,4,1.666666667,4,2.833333333,1,2,3,5,1,1,4,5,1,1,1,2.272727273,1,182
Healthcare,1,1,1,1,1,1,1,1,1,1,1,1,1,1,1,1,1,1,1,1,1,1,1,1,1,1,1,1,5,5,1,1,5,2.090909091,1,183
Healthcare,4,3,2,3,2,2,2,3,2,4,4,4,2,2,1,4,1,2,4,2.166666667,4,3.083333333,2,4,3,4,3,2,4,3,2,2,3,2.909090909,1,184
Healthcare,4,3,2,2,2,2,2,2,2,2,2,3,2,2,2,2,2,2,2,2.083333333,2.5,2.291666667,2,2,3,3,2,2,2,3,1,2,2,2.181818182,1,185
Healthcare,5,2,4,2,1,1,3,2,2,3,3,4,3,1,2,1,2,2,5,2.083333333,3.5,2.791666667,1,1,4,5,1,5,5,5,1,1,1,2.727272727,1,186
Healthcare,2,2,2,2,2,2,2,2,2,2,2,4,2,2,2,3,2,2,3,2,2.666666667,2.333333333,1,3,4,4,1,3,4,5,1,1,1,2.545454545,4,187
Healthcare,2,2,2,2,2,2,2,2,4,2,4,2,2,2,2,2,2,2,2,2.166666667,2.333333333,2.25,2,2,4,5,4,4,4,5,2,2,1,3.181818182,2,188
Healthcare,2,3,3,4,3,2,2,5,2,3,2,3,2,2,2,3,5,3,5,2.75,3,2.875,2,2,4,4,1,4,5,4,2,2,1,2.818181818,1,189
Healthcare,4,1,1,1,2,1,1,1,2,4,4,2,1,1,1,4,2,1,4,1.166666667,3.666666667,2.416666667,1,2,4,4,1,4,4,4,1,1,1,2.454545455,1,190
Healthcare,3,2,2,2,2,2,2,2,3,4,4,4,2,2,2,5,5,2,4,2.083333333,4,3.041666667,2,2,2,4,2,3,3,3,2,2,2,2.454545455,1,191
Healthcare,1,1,1,1,1,1,1,1,1,2,1,3,1,1,1,1,1,1,1,1,1.5,1.25,1,1,3,4,1,1,4,3,1,1,1,1.909090909,1,192
Healthcare,4,2,2,1,2,1,2,2,2,3,3,3,3,2,1,1,2,1,3,1.75,2.833333333,2.291666667,2,2,4,4,2,4,4,4,2,2,1,2.818181818,1,193
Healthcare,4,2,4,3,2,3,2,3,2,4,4,4,4,1,1,2,5,2,4,2.416666667,3.666666667,3.041666667,1,1,4,4,1,5,5,5,1,1,1,2.636363636,3,194
Healthcare,2,2,2,2,2,4,2,2,2,2,4,4,2,2,2,4,2,2,2,2.166666667,3,2.583333333,2,2,2,2,2,2,2,2,2,2,2,2,1,195
Healthcare,4,4,5,4,5,5,4,5,5,5,5,5,4,5,5,4,4,4,4,4.583333333,4.5,4.541666667,2,3,5,5,2,4,5,4,1,2,1,3.090909091,1,196
Healthcare,2,3,2,2,2,1,3,2,2,1,1,2,2,2,2,3,3,2,2,2.083333333,1.833333333,1.958333333,2,3,4,2,2,4,4,5,4,2,3,3.181818182,1,197
Healthcare,4,3,3,3,2,4,2,4,4,3,4,4,3,3,3,3,2,2,4,3,3.666666667,3.333333333,2,3,4,5,1,3,4,4,4,2,1,3,4,198
Healthcare,3,2,2,2,2,2,2,2,2,3,4,3,2,2,3,4,2,2,4,2.083333333,3.5,2.791666667,2,3,2,2,1,2,2,3,1,2,1,1.909090909,2,199
Healthcare,3,2,3,2,2,3,1,2,2,3,3,3,2,3,1,1,3,1,1,2,2.333333333,2.166666667,1,1,5,4,1,4,5,5,1,1,1,2.636363636,1,200
Healthcare,3,3,3,3,1,3,2,3,2,3,3,2,2,3,3,2,4,2,2,2.5,2.5,2.5,2,3,5,2,3,3,2,4,3,2,2,2.818181818,3,201