Video,Ranking,Gratch,CCR,Subject
HoldHands,2,4,3.583333333,1
HoldHands,1,3,2.833333333,2
HoldHands,2,3.636363636,3.083333333,3
HoldHands,1,3.454545455,2.583333333,4
HoldHands,3,3.909090909,3.916666667,5
HoldHands,3,4,3.625,6
HoldHands,2,3.181818182,3.208333333,7
HoldHands,2,2.454545455,2.708333333,8
HoldHands,3,4.272727273,4.208333333,9
HoldHands,2,3,2.666666667,10
HoldHands,1,3.090909091,3.25,11
HoldHands,2,3.909090909,4.083333333,12
HoldHands,3,3.818181818,3.541666667,13
HoldHands,2,2.454545455,2.083333333,14
HoldHands,2,3.363636364,3.75,15
HoldHands,4,3.090909091,3.375,16
HoldHands,1,2.727272727,1.083333333,17
HoldHands,2,3.545454545,3.625,18
HoldHands,1,3.727272727,3.333333333,19
HoldHands,2,3.636363636,3.666666667,20
HoldHands,2,4,3.958333333,21
HoldHands,2,3.636363636,3.166666667,22
HoldHands,2,4,3.541666667,23
HoldHands,1,2.363636364,2.958333333,24
HoldHands,2,4,3.291666667,25
HoldHands,3,3.454545455,3.166666667,26
HoldHands,2,3.363636364,3.375,27
HoldHands,1,2.909090909,3.291666667,28
HoldHands,2,2.454545455,2.041666667,29
HoldHands,2,4.454545455,3.416666667,30
HoldHands,1,3,2.083333333,31
HoldHands,2,2.636363636,2.125,32
HoldHands,1,2.090909091,1.5,33
HoldHands,3,3.636363636,2.875,34
HoldHands,2,2.818181818,2.875,35
HoldHands,2,4.181818182,3.75,36
HoldHands,2,3.636363636,3.125,37
HoldHands,2,3.909090909,3.958333333,38
HoldHands,2,2.818181818,2.625,39
HoldHands,2,3.727272727,3.25,40
HoldHands,1,2.727272727,2.708333333,41
HoldHands,1,2.818181818,2.791666667,42
HoldHands,2,3.636363636,3.208333333,43
HoldHands,2,2.909090909,2.416666667,44
HoldHands,1,3.818181818,3.541666667,45
HoldHands,2,3,3.25,46
HoldHands,2,2.727272727,2.833333333,47
HoldHands,1,2.909090909,3.375,48
HoldHands,2,3.454545455,2.666666667,49
HoldHands,3,2.818181818,1.875,50
HoldHands,2,3,3.416666667,51
HoldHands,1,3.272727273,2.708333333,52
HoldHands,1,3.545454545,2,53
HoldHands,1,3.090909091,3,54
HoldHands,3,3.545454545,3.458333333,55
HoldHands,3,3.272727273,3.791666667,56
HoldHands,3,2.909090909,4,57
HoldHands,3,2.545454545,2.416666667,58
HoldHands,3,3.181818182,4.125,59
HoldHands,2,3.727272727,3.416666667,60
HoldHands,1,3.090909091,3.458333333,61
HoldHands,2,3.454545455,3.25,62
HoldHands,3,4.727272727,4.083333333,63
HoldHands,2,3.636363636,4.208333333,64
HoldHands,3,4.454545455,4.041666667,65
HoldHands,2,3.181818182,3.125,66
HoldHands,2,4,4.166666667,67
HoldHands,1,3.818181818,3.625,68
HoldHands,2,3.363636364,2.5,69
HoldHands,2,3.818181818,3.541666667,70
HoldHands,1,3.727272727,3.25,71
HoldHands,2,3.818181818,4.458333333,72
HoldHands,3,3.909090909,3.583333333,73
HoldHands,1,4,3.583333333,74
HoldHands,2,2.818181818,2.125,75
HoldHands,2,2.272727273,2.125,76
HoldHands,2,4.545454545,3.708333333,77
HoldHands,1,3.545454545,3.291666667,78
HoldHands,2,2.545454545,2.875,79
HoldHands,1,2.818181818,2.75,80
HoldHands,2,3.272727273,3.125,81
HoldHands,1,2.818181818,1.833333333,82
HoldHands,1,4.818181818,4.75,83
HoldHands,2,3.818181818,2.916666667,84
HoldHands,2,3.363636364,3.666666667,85
HoldHands,2,3.818181818,3.041666667,86
HoldHands,3,3.727272727,3.833333333,87
HoldHands,3,5,5,88
HoldHands,1,4.090909091,2.875,89
HoldHands,2,3.818181818,3.666666667,90
HoldHands,3,3.636363636,2.75,91
HoldHands,1,3.272727273,3.208333333,92
HoldHands,1,3.090909091,2.416666667,93
HoldHands,1,2.727272727,2.916666667,94
HoldHands,2,2.909090909,1.083333333,95
HoldHands,2,2.818181818,2.75,96
HoldHands,4,3.818181818,4.166666667,97
HoldHands,1,3.181818182,2.791666667,98
HoldHands,4,4.909090909,4.708333333,99
HoldHands,2,2.727272727,2.083333333,100
HoldHands,2,2.545454545,2.541666667,101
HoldHands,2,3.727272727,3.666666667,102
HoldHands,2,2.818181818,1.583333333,103
HoldHands,3,4.454545455,4.083333333,104
HoldHands,1,2.636363636,2.958333333,105
HoldHands,2,3.272727273,3.333333333,106
HoldHands,1,3.545454545,2.625,107
HoldHands,1,3,3.083333333,108
HoldHands,2,3.363636364,3.541666667,109
HoldHands,2,3.545454545,3.041666667,110
HoldHands,2,2.909090909,2.25,111
HoldHands,2,3.363636364,2.333333333,112
HoldHands,3,4.090909091,3.541666667,113
HoldHands,2,4.090909091,4.25,114
HoldHands,1,3,1.875,115
HoldHands,1,3.181818182,2.166666667,116
HoldHands,2,2.454545455,2.208333333,117
HoldHands,2,4,3.916666667,118
HoldHands,3,3.363636364,3.708333333,119
HoldHands,2,3.272727273,3.5,120
HoldHands,2,3.363636364,3.541666667,121
HoldHands,2,4.818181818,4.333333333,122
HoldHands,1,3.090909091,2.25,123
HoldHands,2,4.454545455,3.916666667,124
HoldHands,2,2.818181818,2,125
HoldHands,2,4.363636364,4.666666667,126
HoldHands,3,4.909090909,4.708333333,127
HoldHands,2,4.272727273,4,128
HoldHands,2,3.545454545,2.958333333,129
HoldHands,2,3.454545455,3.416666667,130
HoldHands,1,3.090909091,2.833333333,131
HoldHands,1,4.636363636,4.5,132
HoldHands,2,4.272727273,3.916666667,133
HoldHands,1,3.272727273,3.083333333,134
HoldHands,2,3.909090909,2.833333333,135
HoldHands,1,2.909090909,3.166666667,136
HoldHands,1,4,3.916666667,137
HoldHands,2,3.727272727,3,138
HoldHands,2,4,4.166666667,139
HoldHands,1,3.909090909,4.166666667,140
HoldHands,2,4.363636364,3.5,141
HoldHands,1,2.909090909,3.541666667,142
HoldHands,3,4.545454545,4.75,143
HoldHands,2,2.636363636,2.166666667,144
HoldHands,3,3.909090909,3.791666667,145
HoldHands,2,4.909090909,4.875,146
HoldHands,2,2.363636364,2.875,147
HoldHands,3,4.181818182,4.125,148
HoldHands,1,2.909090909,2.416666667,149
HoldHands,1,3.727272727,2.958333333,150
HoldHands,1,2.272727273,1.208333333,151
HoldHands,1,3.181818182,2.75,152
HoldHands,1,3.454545455,3.083333333,153
HoldHands,2,2.727272727,2.666666667,154
HoldHands,1,3.272727273,3,155
HoldHands,4,3.545454545,4,156
HoldHands,2,3.090909091,2.958333333,157
HoldHands,2,3.272727273,4.708333333,158
HoldHands,2,3.363636364,4,159
HoldHands,2,3.636363636,3.75,160
HoldHands,2,1.909090909,3.166666667,161
HoldHands,2,3,3.125,162
HoldHands,2,2.909090909,3.166666667,163
HoldHands,2,3.545454545,3.75,164
HoldHands,2,2.272727273,1.541666667,165
HoldHands,2,4.636363636,3.458333333,166
HoldHands,1,4,3.208333333,167
HoldHands,1,2.454545455,2,168
HoldHands,2,4.181818182,3.5,169
HoldHands,2,3.545454545,3.083333333,170
HoldHands,2,3.363636364,3.041666667,171
HoldHands,1,4.090909091,3.25,172
HoldHands,3,3.727272727,3.416666667,173
HoldHands,2,2.909090909,3.333333333,174
HoldHands,3,4,3.916666667,175
HoldHands,3,4.272727273,3.875,176
HoldHands,3,4.181818182,4.625,177
HoldHands,2,3.272727273,3,178
HoldHands,3,4.181818182,4.875,179
HoldHands,2,3.818181818,2.875,180
HoldHands,1,3.363636364,2.583333333,181
HoldHands,2,3.090909091,2.708333333,182
HoldHands,2,3.181818182,4.708333333,183
HoldHands,3,4,3.625,184
HoldHands,2,3.181818182,2.166666667,185
HoldHands,2,3.363636364,2.833333333,186
HoldHands,1,3.363636364,3.416666667,187
HoldHands,1,3.272727273,3.25,188
HoldHands,3,4.363636364,3.958333333,189
HoldHands,2,3.545454545,3.541666667,190
HoldHands,2,3.181818182,3.083333333,191
HoldHands,3,4.909090909,4.916666667,192
HoldHands,2,2.818181818,3.5,193
HoldHands,1,2.363636364,2.833333333,194
HoldHands,2,3.363636364,2.958333333,195
HoldHands,2,3.272727273,3.958333333,196
HoldHands,2,3.545454545,3.875,197
HoldHands,2,4.454545455,3.916666667,198
HoldHands,1,3,2.208333333,199
HoldHands,2,4.090909091,3.416666667,200
HoldHands,1,2.727272727,3.333333333,201
Pet,3,4.363636364,4.125,1
Pet,2,4,4.458333333,2
Pet,4,4.636363636,3.75,3
Pet,3,4.727272727,4.666666667,4
Pet,2,4.272727273,4.416666667,5
Pet,4,4.636363636,4.583333333,6
Pet,4,3.545454545,3.333333333,7
Pet,4,4.272727273,4.458333333,8
Pet,4,4.545454545,5,9
Pet,4,4.454545455,4,10
Pet,4,4.545454545,3.875,11
Pet,3,3.545454545,4.083333333,12
Pet,4,3.727272727,3.416666667,13
Pet,4,4.909090909,4.916666667,14
Pet,4,3.636363636,3.958333333,15
Pet,3,3,3.375,16
Pet,2,2.909090909,3.125,17
Pet,4,4.909090909,4.791666667,18
Pet,2,4.363636364,4.416666667,19
Pet,4,3.818181818,3.583333333,20
Pet,3,4.181818182,4.333333333,21
Pet,4,4.272727273,3.958333333,22
Pet,3,4.181818182,4.333333333,23
Pet,4,3.909090909,4.208333333,24
Pet,4,4.272727273,4.041666667,25
Pet,4,3.909090909,3.541666667,26
Pet,3,4,3.916666667,27
Pet,4,4.545454545,3.791666667,28
Pet,4,4,4.125,29
Pet,4,4.272727273,4.666666667,30
Pet,4,4.181818182,4.083333333,31
Pet,4,4.363636364,4.5,32
Pet,3,3.272727273,3.5,33
Pet,4,5,4.666666667,34
Pet,3,3.909090909,3.583333333,35
Pet,4,5,4.875,36
Pet,4,4.454545455,3.875,37
Pet,4,4.636363636,4.791666667,38
Pet,4,4.727272727,4.083333333,39
Pet,4,4.454545455,4.333333333,40
Pet,4,4.909090909,4.75,41
Pet,3,4.636363636,4.833333333,42
Pet,4,4.727272727,4.458333333,43
Pet,4,4.818181818,4.625,44
Pet,2,4.454545455,4.041666667,45
Pet,4,4,4.208333333,46
Pet,4,4.545454545,4,47
Pet,4,4.363636364,4.75,48
Pet,4,4.272727273,4.041666667,49
Pet,4,2.545454545,3.041666667,50
Pet,4,4.545454545,3.875,51
Pet,2,4.181818182,3.833333333,52
Pet,4,4.909090909,4.916666667,53
Pet,4,4.090909091,3.875,54
Pet,2,3.545454545,3.583333333,55
Pet,4,4,3.833333333,56
Pet,4,4.818181818,4.875,57
Pet,4,2.909090909,2.833333333,58
Pet,2,4,4,59
Pet,1,3.818181818,3.916666667,60
Pet,4,4.181818182,4.708333333,61
Pet,4,3.727272727,3.541666667,62
Pet,4,4.636363636,4.041666667,63
Pet,3,3.090909091,4.375,64
Pet,4,5,4.833333333,65
Pet,3,4,3.833333333,66
Pet,3,4.090909091,4.5,67
Pet,2,4.454545455,4.041666667,68
Pet,4,4,3.458333333,69
Pet,4,4.636363636,4.291666667,70
Pet,2,4,3.916666667,71
Pet,3,4.636363636,5,72
Pet,4,4,4.125,73
Pet,2,4.636363636,4.208333333,74
Pet,4,4,4,75
Pet,4,4.727272727,4.833333333,76
Pet,4,4.909090909,4.791666667,77
Pet,2,5,4.25,78
Pet,4,4.909090909,4.25,79
Pet,3,5,4.75,80
Pet,4,3.909090909,3.583333333,81
Pet,3,4.363636364,4.5,82
Pet,4,5,4.916666667,83
Pet,4,4,4,84
Pet,4,4.090909091,3.958333333,85
Pet,4,4.454545455,4.75,86
Pet,4,4.090909091,4.125,87
Pet,4,4.636363636,5,88
Pet,3,4.181818182,4.041666667,89
Pet,3,4.727272727,4.375,90
Pet,4,5,4.625,91
Pet,3,3.454545455,4,92
Pet,4,4.272727273,4,93
Pet,2,3.727272727,3.333333333,94
Pet,4,4.909090909,4.791666667,95
Pet,4,5,4.916666667,96
Pet,2,3.909090909,4.166666667,97
Pet,3,4.272727273,4,98
Pet,2,4.363636364,4.375,99
Pet,4,4.818181818,4.541666667,100
Pet,4,3.909090909,3.833333333,101
Pet,3,4.272727273,4.458333333,102
Pet,4,2.636363636,2.041666667,103
Pet,4,5,4.791666667,104
Pet,4,4.181818182,4.25,105
Pet,3,4.181818182,4.5,106
Pet,3,4.181818182,4.5,107
Pet,2,3.727272727,3.916666667,108
Pet,4,4.363636364,4,109
Pet,4,4.636363636,4.458333333,110
Pet,4,5,4.708333333,111
Pet,4,4.909090909,4.916666667,112
Pet,4,4.909090909,4.458333333,113
Pet,3,3.727272727,4.291666667,114
Pet,3,4.545454545,3.791666667,115
Pet,3,4.363636364,4.25,116
Pet,4,4.272727273,4.875,117
Pet,4,4.454545455,4.458333333,118
Pet,4,4.181818182,4.375,119
Pet,4,4.545454545,4.083333333,120
Pet,3,3.818181818,3.958333333,121
Pet,4,5,4.75,122
Pet,4,5,5,123
Pet,4,4.818181818,4.75,124
Pet,4,3.727272727,3.333333333,125
Pet,1,3.545454545,4.666666667,126
Pet,2,5,4.833333333,127
Pet,4,4.909090909,4.708333333,128
Pet,4,4.818181818,4.791666667,129
Pet,1,3.818181818,3.833333333,130
Pet,4,4,3.833333333,131
Pet,3,4.181818182,4.458333333,132
Pet,4,4.545454545,4.5,133
Pet,4,3.909090909,3.791666667,134
Pet,4,4.272727273,4.25,135
Pet,2,2.818181818,3.583333333,136
Pet,2,5,4.75,137
Pet,4,5,5,138
Pet,4,4.181818182,4.791666667,139
Pet,3,4.090909091,4.458333333,140
Pet,3,4.454545455,3.791666667,141
Pet,2,3.363636364,3.666666667,142
Pet,2,5,4.875,143
Pet,4,3.909090909,3.791666667,144
Pet,2,4.181818182,3.875,145
Pet,4,4.545454545,4.875,146
Pet,3,4.727272727,4.625,147
Pet,4,4.090909091,4.416666667,148
Pet,4,4.909090909,4.125,149
Pet,2,4.727272727,4.333333333,150
Pet,4,4.636363636,4.458333333,151
Pet,3,3.636363636,4,152
Pet,4,4.181818182,4.208333333,153
Pet,3,4.636363636,4.416666667,154
Pet,3,4,3.625,155
Pet,1,3.272727273,3.916666667,156
Pet,4,4.363636364,3.75,157
Pet,3,3.909090909,4,158
Pet,4,3.636363636,4,159
Pet,4,4.909090909,4.041666667,160
Pet,3,4.727272727,4.333333333,161
Pet,4,3.636363636,3.791666667,162
Pet,3,4.545454545,3.75,163
Pet,4,4.272727273,4.291666667,164
Pet,4,3.727272727,4.083333333,165
Pet,3,4.636363636,4.416666667,166
Pet,4,4.363636364,4,167
Pet,4,5,4.333333333,168
Pet,4,4.363636364,4.833333333,169
Pet,4,3.909090909,3.708333333,170
Pet,4,4,3.875,171
Pet,3,4.272727273,4.583333333,172
Pet,4,3.363636364,3.958333333,173
Pet,3,4,4.041666667,174
Pet,4,5,5,175
Pet,2,4.181818182,3.833333333,176
Pet,1,4.545454545,4.458333333,177
Pet,1,3.090909091,2.541666667,178
Pet,2,5,5,179
Pet,4,4.090909091,4.125,180
Pet,2,4.454545455,4.083333333,181
Pet,4,4.909090909,4.833333333,182
Pet,4,4.636363636,5,183
Pet,4,3.909090909,3.791666667,184
Pet,4,4.363636364,4.25,185
Pet,4,4.727272727,4.583333333,186
Pet,2,3.818181818,3.75,187
Pet,4,4.818181818,4.708333333,188
Pet,4,4.272727273,3.583333333,189
Pet,3,3.636363636,4.416666667,190
Pet,4,4.545454545,4.791666667,191
Pet,4,5,5,192
Pet,4,4,4.041666667,193
Pet,4,5,5,194
Pet,3,4.272727273,4.416666667,195
Pet,4,2.909090909,4.583333333,196
Pet,4,3.818181818,4,197
Pet,1,4.181818182,4.208333333,198
Pet,4,2.818181818,2.791666667,199
Pet,4,5,5,200
Pet,2,3.454545455,3.625,201
Conversation,4,4.727272727,4.625,1
Conversation,3,4.636363636,5,2
Conversation,3,4,2.916666667,3
Conversation,2,3.363636364,3.166666667,4
Conversation,4,3.909090909,3.791666667,5
Conversation,2,3.181818182,3.333333333,6
Conversation,3,3.909090909,3.666666667,7
Conversation,3,3.818181818,3.958333333,8
Conversation,2,3.636363636,3.875,9
Conversation,3,3.545454545,3.208333333,10
Conversation,3,4,3.625,11
Conversation,4,4.090909091,4.375,12
Conversation,2,4,3.458333333,13
Conversation,3,3.909090909,4.75,14
Conversation,1,3.454545455,3.666666667,15
Conversation,2,3,3.375,16
Conversation,3,2.909090909,2.333333333,17
Conversation,3,4.272727273,3.458333333,18
Conversation,3,4.272727273,4.083333333,19
Conversation,3,3.636363636,3.458333333,20
Conversation,4,4.181818182,4.458333333,21
Conversation,3,3.272727273,3.125,22
Conversation,4,4.090909091,4,23
Conversation,2,3.454545455,3.291666667,24
Conversation,3,4,3.916666667,25
Conversation,2,3.545454545,2.958333333,26
Conversation,4,3.636363636,3.875,27
Conversation,3,3.727272727,3.791666667,28
Conversation,3,3.090909091,3.5,29
Conversation,3,4.545454545,3.916666667,30
Conversation,3,4.181818182,3.5,31
Conversation,3,3.090909091,3.125,32
Conversation,2,2.181818182,1.5,33
Conversation,2,3.363636364,2.958333333,34
Conversation,1,2.090909091,3,35
Conversation,3,4.090909091,4.458333333,36
Conversation,3,3.909090909,3.75,37
Conversation,1,2.454545455,2.791666667,38
Conversation,3,3.818181818,3.5,39
Conversation,3,3.272727273,3.083333333,40
Conversation,2,3.636363636,3.166666667,41
Conversation,2,3.454545455,3.833333333,42
Conversation,3,3.363636364,3.375,43
Conversation,3,4.545454545,4.041666667,44
Conversation,4,4.363636364,4.25,45
Conversation,3,4,3.916666667,46
Conversation,3,4.090909091,3.458333333,47
Conversation,3,3,3.708333333,48
Conversation,3,3.272727273,2.958333333,49
Conversation,2,2.363636364,2.166666667,50
Conversation,3,4.727272727,4.666666667,51
Conversation,4,3.818181818,3.5,52
Conversation,2,3.818181818,3.375,53
Conversation,3,3.909090909,3.208333333,54
Conversation,4,3.454545455,3.375,55
Conversation,2,2.636363636,3.666666667,56
Conversation,2,5,4.666666667,57
Conversation,2,2.818181818,2.625,58
Conversation,4,3.818181818,3.833333333,59
Conversation,4,4,3.833333333,60
Conversation,3,3.818181818,4,61
Conversation,3,3.090909091,2.916666667,62
Conversation,2,3.909090909,4,63
Conversation,4,3.363636364,3.916666667,64
Conversation,2,3.454545455,3.166666667,65
Conversation,4,3.818181818,3.583333333,66
Conversation,4,4.272727273,4.291666667,67
Conversation,4,4.181818182,4.416666667,68
Conversation,3,3.636363636,3.25,69
Conversation,3,4,4.333333333,70
Conversation,3,3.454545455,3.833333333,71
Conversation,4,4.636363636,5,72
Conversation,2,3.090909091,3.625,73
Conversation,3,3.909090909,3.708333333,74
Conversation,3,3,3.375,75
Conversation,3,4.363636364,4.166666667,76
Conversation,3,4.454545455,3.666666667,77
Conversation,4,5,5,78
Conversation,3,4.090909091,3.583333333,79
Conversation,2,3,3.291666667,80
Conversation,3,3.181818182,3.291666667,81
Conversation,4,3.909090909,3.666666667,82
Conversation,2,5,4.75,83
Conversation,3,4.090909091,3.75,84
Conversation,3,3.272727273,3.083333333,85
Conversation,3,4.636363636,4,86
Conversation,2,3.545454545,3.458333333,87
Conversation,2,5,5,88
Conversation,4,3.818181818,3.875,89
Conversation,4,4.545454545,4.5,90
Conversation,2,4,4,91
Conversation,4,4,4,92
Conversation,3,3.545454545,3.333333333,93
Conversation,3,2.727272727,2.875,94
Conversation,3,4,4.291666667,95
Conversation,3,4.272727273,4.125,96
Conversation,3,4,4.5,97
Conversation,4,3.818181818,3.125,98
Conversation,3,4.727272727,4.541666667,99
Conversation,3,4.363636364,4.083333333,100
Conversation,3,2.818181818,2.916666667,101
Conversation,4,4,4.125,102
Conversation,3,2.727272727,2.125,103
Conversation,1,3.181818182,3.625,104
Conversation,3,2.909090909,3.208333333,105
Conversation,4,3.818181818,3.958333333,106
Conversation,2,3.818181818,3.708333333,107
Conversation,4,3.909090909,3.75,108
Conversation,3,4,4,109
Conversation,3,3.727272727,3.666666667,110
Conversation,3,3.363636364,4.041666667,111
Conversation,3,3.090909091,3.375,112
Conversation,2,4.727272727,3.833333333,113
Conversation,4,4.181818182,4.291666667,114
Conversation,4,4.363636364,3.625,115
Conversation,4,4,3.75,116
Conversation,3,2.818181818,3.291666667,117
Conversation,3,4.545454545,4.916666667,118
Conversation,2,4,4.125,119
Conversation,3,3.454545455,3.458333333,120
Conversation,4,3.818181818,3.875,121
Conversation,3,5,4.708333333,122
Conversation,3,3.454545455,3.166666667,123
Conversation,3,4.909090909,4.416666667,124
Conversation,3,3.363636364,3.583333333,125
Conversation,4,4,4.666666667,126
Conversation,4,5,4.833333333,127
Conversation,3,4.363636364,4.083333333,128
Conversation,3,4.727272727,4.458333333,129
Conversation,3,4.090909091,3.375,130
Conversation,3,3.909090909,3.375,131
Conversation,4,4.363636364,4.875,132
Conversation,3,4.545454545,4.333333333,133
Conversation,3,3.636363636,4.125,134
Conversation,3,3.545454545,3.875,135
Conversation,3,2.909090909,3.291666667,136
Conversation,3,3.909090909,3.666666667,137
Conversation,3,4.909090909,4.75,138
Conversation,3,4.090909091,4.291666667,139
Conversation,4,3.909090909,4.458333333,140
Conversation,4,4.545454545,3.75,141
Conversation,4,3,3.291666667,142
Conversation,4,4.454545455,4.458333333,143
Conversation,3,3.545454545,3.875,144
Conversation,4,3.545454545,3.916666667,145
Conversation,3,4.454545455,3.958333333,146
Conversation,4,3.909090909,4.083333333,147
Conversation,2,4.363636364,4.333333333,148
Conversation,3,4.090909091,3.708333333,149
Conversation,3,3.727272727,3.625,150
Conversation,3,4.545454545,4,151
Conversation,4,3.545454545,3.916666667,152
Conversation,2,3.818181818,3.5,153
Conversation,4,3.909090909,4.166666667,154
Conversation,4,3.363636364,3.291666667,155
Conversation,3,3.181818182,3.958333333,156
Conversation,3,4.090909091,3.541666667,157
Conversation,4,3.727272727,4.041666667,158
Conversation,3,3.090909091,4,159
Conversation,3,3.818181818,3.708333333,160
Conversation,4,4.727272727,4.75,161
Conversation,3,3.454545455,3,162
Conversation,4,3.909090909,3.958333333,163
Conversation,3,3.636363636,3.916666667,164
Conversation,3,3.909090909,3.625,165
Conversation,4,4.636363636,4.833333333,166
Conversation,3,3.909090909,3.583333333,167
Conversation,3,3.363636364,3.666666667,168
Conversation,3,3.545454545,3.708333333,169
Conversation,3,3,3.291666667,170
Conversation,3,3.818181818,3.291666667,171
Conversation,2,3.909090909,3.166666667,172
Conversation,1,2.727272727,2.833333333,173
Conversation,4,4.272727273,4.041666667,174
Conversation,2,3,3.416666667,175
Conversation,4,3.818181818,3.708333333,176
Conversation,2,4.090909091,4.458333333,177
Conversation,4,4.454545455,4.375,178
Conversation,4,5,4.958333333,179
Conversation,1,3.363636364,3.5,180
Conversation,3,4.272727273,3.166666667,181
Conversation,3,4,3.833333333,182
Conversation,3,5,5,183
Conversation,2,3.545454545,3.208333333,184
Conversation,3,3.909090909,3.958333333,185
Conversation,3,3.636363636,3.541666667,186
Conversation,3,3.363636364,3.958333333,187
Conversation,3,4.181818182,4.166666667,188
Conversation,2,3.090909091,3.416666667,189
Conversation,4,4.454545455,3.958333333,190
Conversation,3,3.636363636,4.291666667,191
Conversation,2,4.727272727,4,192
Conversation,3,3.909090909,3.875,193
Conversation,2,4.909090909,4.625,194
Conversation,4,3.818181818,4.083333333,195
Conversation,3,3.363636364,4.583333333,196
Conversation,3,3.636363636,4.041666667,197
Conversation,3,4.181818182,4.125,198
Conversation,3,2.636363636,2.416666667,199
Conversation,3,3.363636364,3.458333333,200
Conversation,4,3.090909091,3.333333333,201
Healthcare,1,2.545454545,2.791666667,1
Healthcare,4,4.454545455,4.166666667,2
Healthcare,1,2.636363636,1,3
Healthcare,4,2.636363636,3.5,4
Healthcare,1,2.090909091,2.291666667,5
Healthcare,1,2.454545455,2.375,6
Healthcare,1,2.272727273,2.833333333,7
Healthcare,1,2.727272727,2.958333333,8
Healthcare,1,2.636363636,1.25,9
Healthcare,1,2.454545455,1.541666667,10
Healthcare,2,2.454545455,3.25,11
Healthcare,1,3.090909091,3.25,12
Healthcare,1,2.090909091,1.958333333,13
Healthcare,1,1.181818182,1.416666667,14
Healthcare,3,3.363636364,3.5,15
Healthcare,1,3,2.458333333,16
Healthcare,4,2.909090909,3.5,17
Healthcare,1,2.272727273,2.791666667,18
Healthcare,4,2.636363636,2.75,19
Healthcare,1,3.090909091,1,20
Healthcare,1,2.727272727,3.666666667,21
Healthcare,1,2.454545455,2.666666667,22
Healthcare,1,2.454545455,2.583333333,23
Healthcare,3,2.909090909,3.041666667,24
Healthcare,1,2.727272727,1.541666667,25
Healthcare,1,2.090909091,1.458333333,26
Healthcare,1,2.272727273,2.75,27
Healthcare,2,2.363636364,2.708333333,28
Healthcare,1,2.727272727,2.375,29
Healthcare,1,1.454545455,1,30
Healthcare,2,2.272727273,2.958333333,31
Healthcare,1,2.272727273,2.416666667,32
Healthcare,4,1.181818182,1.375,33
Healthcare,1,2.272727273,2.541666667,34
Healthcare,4,3.636363636,4.291666667,35
Healthcare,1,2.090909091,2.5,36
Healthcare,1,3.272727273,3,37
Healthcare,3,3.363636364,3.791666667,38
Healthcare,1,2.727272727,3.041666667,39
Healthcare,1,1.454545455,2.291666667,40
Healthcare,3,2.909090909,3.458333333,41
Healthcare,4,1.727272727,1.625,42
Healthcare,1,1.727272727,1.041666667,43
Healthcare,1,2.090909091,2.041666667,44
Healthcare,3,1.909090909,2.5,45
Healthcare,1,2.272727273,2.541666667,46
Healthcare,1,2.909090909,2.375,47
Healthcare,2,1.454545455,2.166666667,48
Healthcare,1,2.181818182,2.291666667,49
Healthcare,1,1.545454545,2.5,50
Healthcare,1,3,3.25,51
Healthcare,3,2.272727273,3,52
Healthcare,3,3.090909091,3.333333333,53
Healthcare,2,2.909090909,3.416666667,54
Healthcare,1,2,2.541666667,55
Healthcare,1,1.909090909,2.916666667,56
Healthcare,1,3.545454545,3.583333333,57
Healthcare,1,1.909090909,2.166666667,58
Healthcare,1,2.636363636,2.291666667,59
Healthcare,3,2.818181818,3,60
Healthcare,2,2,3.208333333,61
Healthcare,1,1.545454545,2.833333333,62
Healthcare,1,2.363636364,2.791666667,63
Healthcare,1,2.636363636,3.25,64
Healthcare,1,2.545454545,3.833333333,65
Healthcare,1,2.727272727,3.25,66
Healthcare,1,2.909090909,3.291666667,67
Healthcare,3,2,2.166666667,68
Healthcare,1,1.909090909,2.791666667,69
Healthcare,1,2.454545455,2.791666667,70
Healthcare,4,3.090909091,3.583333333,71
Healthcare,1,2.636363636,1.5,72
Healthcare,1,2.454545455,2.083333333,73
Healthcare,4,3,3.708333333,74
Healthcare,1,2.545454545,2.375,75
Healthcare,1,2.909090909,1.916666667,76
Healthcare,1,2.181818182,1.5,77
Healthcare,3,1.636363636,2.75,78
Healthcare,1,2.272727273,1.958333333,79
Healthcare,4,2.636363636,3.833333333,80
Healthcare,1,2.636363636,2.666666667,81
Healthcare,2,1.727272727,1.708333333,82
Healthcare,3,2.636363636,3.083333333,83
Healthcare,1,2.909090909,2.041666667,84
Healthcare,1,1.636363636,2.333333333,85
Healthcare,1,2.272727273,1.416666667,86
Healthcare,1,1.727272727,2,87
Healthcare,1,2.454545455,2.541666667,88
Healthcare,2,3,3.541666667,89
Healthcare,1,2.727272727,3.375,90
Healthcare,1,3.181818182,2.583333333,91
Healthcare,2,1.909090909,2.125,92
Healthcare,2,2.545454545,3.75,93
Healthcare,4,1.818181818,1.791666667,94
Healthcare,1,2.090909091,2.833333333,95
Healthcare,1,1.909090909,2.291666667,96
Healthcare,1,3,3.083333333,97
Healthcare,2,1.272727273,1.916666667,98
Healthcare,1,2.727272727,3.791666667,99
Healthcare,1,2.090909091,2.208333333,100
Healthcare,1,1.909090909,1.958333333,101
Healthcare,1,2.727272727,1.875,102
Healthcare,1,1.818181818,2.125,103
Healthcare,2,2.454545455,2.625,104
Healthcare,2,2.818181818,2.75,105
Healthcare,1,2.090909091,1.583333333,106
Healthcare,4,3.636363636,3.5,107
Healthcare,3,3.363636364,3.291666667,108
Healthcare,1,2.818181818,2.375,109
Healthcare,1,2.454545455,2.416666667,110
Healthcare,1,1.909090909,1.5,111
Healthcare,1,2.636363636,1.5,112
Healthcare,1,2.272727273,1.5,113
Healthcare,1,3.272727273,2.125,114
Healthcare,2,2.363636364,1.666666667,115
Healthcare,2,2.545454545,3.541666667,116
Healthcare,1,1.727272727,1.916666667,117
Healthcare,1,2.636363636,2.541666667,118
Healthcare,1,2.454545455,2.333333333,119
Healthcare,1,2.090909091,2,120
Healthcare,1,2.363636364,3,121
Healthcare,1,2.363636364,1.833333333,122
Healthcare,2,2.636363636,2.583333333,123
Healthcare,1,2.818181818,2.416666667,124
Healthcare,1,2.818181818,2,125
Healthcare,3,3.090909091,3.875,126
Healthcare,1,3.454545455,3.75,127
Healthcare,1,2.272727273,1.875,128
Healthcare,1,2.636363636,2.583333333,129
Healthcare,4,2.545454545,3,130
Healthcare,2,2.727272727,3.541666667,131
Healthcare,2,2.909090909,2.916666667,132
Healthcare,1,2.818181818,2.458333333,133
Healthcare,2,2.818181818,3.375,134
Healthcare,1,2.272727273,1.458333333,135
Healthcare,4,2.545454545,2.583333333,136
Healthcare,4,3,3.041666667,137
Healthcare,1,2.636363636,2.208333333,138
Healthcare,1,2.636363636,1.75,139
Healthcare,2,4.090909091,2.666666667,140
Healthcare,1,2.727272727,2,141
Healthcare,3,1.727272727,2.708333333,142
Healthcare,1,2.727272727,2.916666667,143
Healthcare,1,2.727272727,3.208333333,144
Healthcare,1,1.818181818,2.041666667,145
Healthcare,1,2.272727273,2.916666667,146
Healthcare,1,2.545454545,2.583333333,147
Healthcare,1,3.363636364,3.666666667,148
Healthcare,2,2.545454545,3.25,149
Healthcare,4,2.636363636,2.458333333,150
Healthcare,2,2.727272727,2.541666667,151
Healthcare,2,3.090909091,3.125,152
Healthcare,3,3.181818182,3.75,153
Healthcare,1,2.727272727,2.833333333,154
Healthcare,2,1.909090909,2.916666667,155
Healthcare,2,2.818181818,4,156
Healthcare,1,2.363636364,2.25,157
Healthcare,1,2.454545455,1.625,158
Healthcare,1,3.090909091,4,159
Healthcare,1,2.454545455,3,160
Healthcare,1,2.727272727,1.708333333,161
Healthcare,1,2.818181818,2.791666667,162
Healthcare,1,2.090909091,2.458333333,163
Healthcare,1,2.363636364,2.375,164
Healthcare,1,1.272727273,1.125,165
Healthcare,1,2.909090909,2.083333333,166
Healthcare,2,2.545454545,3.083333333,167
Healthcare,2,3.090909091,3.458333333,168
Healthcare,1,2.545454545,2.458333333,169
Healthcare,1,2.545454545,3.083333333,170
Healthcare,1,2.909090909,3.25,171
Healthcare,4,2.545454545,3,172
Healthcare,2,2.272727273,1.833333333,173
Healthcare,1,2.454545455,2.625,174
Healthcare,1,2.545454545,2.125,175
Healthcare,1,2.545454545,2.5,176
Healthcare,4,3.181818182,4.125,177
Healthcare,3,2.636363636,2.416666667,178
Healthcare,1,2.818181818,3.041666667,179
Healthcare,3,2.090909091,1.375,180
Healthcare,4,2.090909091,1.708333333,181
Healthcare,1,2.272727273,2.833333333,182
Healthcare,1,2.090909091,1,183
Healthcare,1,2.909090909,3.083333333,184
Healthcare,1,2.181818182,2.416666667,185
Healthcare,1,2.727272727,3.166666667,186
Healthcare,4,2.545454545,2.375,187
Healthcare,2,3.181818182,2.333333333,188
Healthcare,1,2.818181818,2.875,189
Healthcare,1,2.454545455,2.333333333,190
Healthcare,1,2.454545455,2.916666667,191
Healthcare,1,1.909090909,1.25,192
Healthcare,1,2.818181818,2.5,193
Healthcare,3,2.636363636,3.208333333,194
Healthcare,1,2,2.583333333,195
Healthcare,1,3.090909091,4.541666667,196
Healthcare,1,3.181818182,1.916666667,197
Healthcare,4,3,3.5,198
Healthcare,2,1.909090909,2.791666667,199
Healthcare,1,2.636363636,2.25,200
Healthcare,3,2.818181818,2.5,201